#
# drives creation of operation outcomes
# <tag>,<code and display>,<diagnostics>
ce,INVALID_PARAMETER,__ERRORTEXT_CE__
jwtnotb64,BAD_REQUEST,JWT is not base 64 URL encoded
iis,INVALID_PARAMETER,Invalid identifier system url
ivnnn,INVALID_NHS_NUMBER,NHS Number is not valid
ivp,INVALID_PARAMETER,__ERRORTEXT_IVP__
ivr,INVALID_RESOURCE,__ERRORTEXT__
npc,NO_PATIENT_CONSENT,__ERRORTEXT__
pnf,PATIENT_NOT_FOUND,No patient details found for patient Identifier: __PATIENT_ID__
pnf_lid,PATIENT_NOT_FOUND,No patient details found for patient ID: __PATIENT_LOGICAL_ID__
#
am,BAD_REQUEST,Authorization missing
ndc,BAD_REQUEST,JWT Payload reason for request is not Direct Care
pi,BAD_REQUEST,JWT Payload incorrect
nrd,BAD_REQUEST,JWT Payload no requesting device
ird,BAD_REQUEST,JWT Payload invalid requesting device
irdrt,BAD_REQUEST,JWT Payload invalid requesting device resource type
noiat,BAD_REQUEST,JWT Payload no iat creation time
noexp,BAD_REQUEST,JWT Payload no exp expiry time
noiss,BAD_REQUEST,JWT Payload no iss
noaud,BAD_REQUEST,JWT Payload no aud
nosub,BAD_REQUEST,JWT Payload no sub
noscope,BAD_REQUEST,JWT Payload no requested scope
nopatreadscope,INVALID_PARAMETER,JWT Payload no patient read requested scope
norqorg,BAD_REQUEST,JWT Payload no requesting organization
norqprac,BAD_REQUEST,JWT Payload no requesting practitioner
invrqprac,BAD_REQUEST,JWT Payload invalid requesting practitioner
ctinp,BAD_REQUEST,JWT Payload iat creation time in the past
expetcr,BAD_REQUEST,JWT Payload exp expiry time earlier than creation time
exptoosoon,BAD_REQUEST,JWT Payload exp expiry time too soon (less than 300s after creation)
exptoolate,BAD_REQUEST,JWT Payload exp expiry time too late (more than 300s after creation)
ivprt,BAD_REQUEST,JWT Payload invalid requesting practitioner resource type
pad,BAD_REQUEST,JWT Payload Base 64 padding detected
no_content,INVALID_PARAMETER,No payload content
nnn_mismatch,INVALID_PARAMETER,JWT NHS Number does not match NHS Number in parameter
multiple_nnn,INVALID_PARAMETER,More than 1 NHS Number supplied
#
invalid_accept,INVALID_PARAMETER,Invalid http accept header
invalid_content_type,INVALID_PARAMETER,Invalid http content type header
invalid_nhsno_system,INVALID_PARAMETER,Invalid NHS Number System
invalid_jwt_header,INVALID_PARAMETER,JWT Header algorithm is not valid
#
intidmissing,BAD_REQUEST,SSP Interaction id missing
traceidmissing,BAD_REQUEST,SSP Trace id missing
ssptomissing,BAD_REQUEST,SSP To ASID Missing
ssptoinv,BAD_REQUEST,SSP To ASID Incorrect format
ssptomismatch,BAD_REQUEST,SSP-To header (__SSP_TO__) does not match ASID of system
sspfrommissing,BAD_REQUEST,SSP From ASID Missing
sspfrominv,BAD_REQUEST,SSP From ASID Incorrect format
rqorgscope,BAD_REQUEST,JWT Payload Requesting Organization scope is invalid
intidcpmismatch,BAD_REQUEST,SSP Interaction ID does not align wth the context_path
jwtsigpresent,BAD_REQUEST,The JWT includes a signature
multiple_clinical_areas,INVALID_PARAMETER,diary entries have been requested with other clinical areas
#
# Diary Entries Errors
#
#
diary_entries_multiple_search_dates,INVALID_PARAMETER,multiple search date parameter parts
diary_entries_invalid_search_date,INVALID_PARAMETER,search date is not well formed
diary_entries_search_date_in_past,INVALID_PARAMETER,search date (__DIARY_ENTRY_SEARCH_DATE__) is in the past
#
# Document Reference Search Errors
#
document_search_invalid_parameters,INVALID_PARAMETER,Invalid parameter __BAD_DOC_SEARCH_PARM__
document_search_missing_mandatory_patient,INVALID_PARAMETER,Missing mandatory _include parameter _include=DocumentReference:subject:Patient
document_search_missing_mandatory_custodian,INVALID_PARAMETER,Missing mandatory _include parameter _include=DocumentReference:custodian:Organization
document_search_missing_mandatory_author_org,INVALID_PARAMETER,Missing mandatory _include parameter _include=DocumentReference:author:Organization
document_search_missing_mandatory_author_prac,INVALID_PARAMETER,Missing mandatory _include parameter _include=DocumentReference:author:Practitioner
document_search_missing_mandatory_prac_role,INVALID_PARAMETER,Missing mandatory _revinclude parameter _revinclude:recurse=PractitionerRole:practitioner
#
document_search_facility_invalid_system,INVALID_PARAMETER,facility search parameter is not an ODS code
document_search_author_invalid_system,INVALID_PARAMETER,author search parameter is not an ODS code
document_search_custodian_invalid_system,INVALID_PARAMETER,custiodian search parameter is not an ODS code
#
# created outcomes
#
document_search_created_more_than_2,INVALID_PARAMETER,more than 2 created parameters
document_search_no_created_ge,INVALID_PARAMETER,date range query - no valid created ge parameter
document_search_no_created_le,INVALID_PARAMETER,date range query - no valid created le parameter
document_search_no_created_le_or_ge,INVALID_PARAMETER,single date query - no valid created ge or le parameter
document_search_created_ge_after_le,INVALID_PARAMETER,created start date is later than end date
#
# Binary
#
binary_nrf,NO_RECORD_FOUND,No record found
