<?xml version="1.0" encoding="UTF-8"?>
<ConceptMap xmlns="http://hl7.org/fhir">
	<url value="https://fhir.nhs.uk/STU3/ConceptMap/CareConnect-AllergySeverity-1"/>
	<version value="1.0.0"/>
	<name value="Concept Map - Allergy Severity"/>
	<status value="active"/>
	<date value="2018-03-01T00:00:00+00:00"/>
	<publisher value="HL7 UK"/>
	<description value="A Concept Map from ValueSet Reaction Event Severity to Allergy Severity to aid interpretation."/>
	<copyright value="Copyright © 2016 HL7 UK"/>
	<sourceReference>
		<reference value="http://hl7.org/fhir/ValueSet/reaction-event-severity"/>
	</sourceReference>
	<targetReference>
		<reference value="https://fhir.nhs.uk/STU3/ValueSet/CareConnect-AllergySeverity-1"/>
	</targetReference>
	<group>
		<source value="http://hl7.org/fhir/reaction-event-severity"/>
		<target value="http://snomed.info/sct"/>
		<element>
			<code value="mild"/>
			<display value="Mild"/>
			<target>
				<code value="255604002"/>
				<display value="Mild"/>
				<equivalence value="equivalent"/>
			</target>
		</element>
		<element>
			<code value="moderate"/>
			<display value="Moderate"/>
			<target>
				<code value="6736007"/>
				<display value="Moderate"/>
				<equivalence value="equivalent"/>
			</target>
		</element>
		<element>
			<code value="severe"/>
			<display value="Severe"/>
			<target>
				<code value="24484000"/>
				<display value="Severe"/>
				<equivalence value="equivalent"/>
			</target>
		</element>
		<element>
			<code value="severe"/>
			<display value="Severe"/>
			<target>
				<code value="442452003"/>
				<display value="Life threatening severity"/>
				<equivalence value="equivalent"/>
			</target>
		</element>
	</group>
</ConceptMap>
