<?xml version="1.0" encoding="UTF-8"?>
<ConceptMap xmlns="http://hl7.org/fhir">
	<url value="https://fhir.nhs.uk/STU3/ConceptMap/CareConnect-PersonNameType-1"/>
	<version value="1.0.0"/>
	<name value="Concept Map - Person Name Type"/>
	<status value="active"/>
	<date value="2018-03-12T00:00:00+00:00"/>
	<publisher value="HL7 UK"/>
	<description value="A Concept Map from ValueSet Name Use to PDS Person Name Type to aid interpretation."/>
	<copyright value="Copyright © 2016 HL7 UK"/>
	<sourceReference>
		<reference value="http://hl7.org/fhir/ValueSet/name-use"/>
	</sourceReference>
	<targetReference>
		<reference value="https://fhir.nhs.uk/STU3/ValueSet/CareConnect-PDS-PersonNameType-1"/>
	</targetReference>
	<group>
		<source value="http://hl7.org/fhir/name-use"/>
		<target value="https://fhir.hl7.org.uk/STU3/CodeSystem/CareConnect-PDS-PersonNameType-1"/>
		<element>
			<code value="official"/>
			<display value="Official"/>
			<target>
				<code value="L"/>
				<display value="Usual (current) name"/>
				<equivalence value="equivalent"/>
			</target>
		</element>
		<element>
			<code value="nickname"/>
			<display value="Nickname"/>
			<target>
				<code value="A"/>
				<display value="Alias name"/>
				<equivalence value="equivalent"/>
			</target>
		</element>
		<element>
			<code value="usual"/>
			<display value="Usual"/>
			<target>
				<code value="PREFERRED"/>
				<display value="Preferred name"/>
				<equivalence value="equivalent"/>
			</target>
		</element>
		<element>
			<code value="old"/>
			<display value="Old"/>
			<target>
				<code value="PREVIOUS"/>
				<display value="Other previous name"/>
				<equivalence value="equivalent"/>
			</target>
		</element>
		<element>
			<code value="old"/>
			<display value="Old"/>
			<target>
				<code value="PREVIOUS-BACHELOR"/>
				<display value="Bachelor name"/>
				<equivalence value="equivalent"/>
			</target>
		</element>
		<element>
			<code value="old"/>
			<display value="Old"/>
			<target>
				<code value="PREVIOUS-BIRTH"/>
				<display value="Birth name"/>
				<equivalence value="equivalent"/>
			</target>
		</element>
		<element>
			<code value="old"/>
			<display value="Old"/>
			<target>
				<code value="PREVIOUS-MAIDEN"/>
				<display value="Maiden name"/>
				<equivalence value="equivalent"/>
			</target>
		</element>
	</group>
</ConceptMap>
