<?xml version="1.0" encoding="UTF-8"?>
<ConceptMap xmlns="http://hl7.org/fhir">
	<url value="https://fhir.nhs.uk/STU3/ConceptMap/eRS-SpecialtyClinicType-ConceptMap-1"/>
	<version value="1.0.0"/>
	<name value="Concept Type - Specialty Clinic Type"/>
	<status value="draft"/>
	<date value="2017-10-30"/>
	<publisher value="NHS Digital"/>
	<contact>
		<name value="Interoperability Team"/>
		<telecom>
			<system value="email"/>
			<value value="interoperabilityteam@nhs.net"/>
			<use value="work"/>
		</telecom>
	</contact>
	<description value="ConceptMap to display the relationship between an e-RS Specialty and e-RS Clinic Type"/>
	<copyright value="Copyright © NHS Digital"/>
	<sourceReference>
		<reference value="https://fhir.nhs.uk/STU3/ValueSet/eRS-Specialty-1"/>
	</sourceReference>
	<targetReference>
		<reference value="https://fhir.nhs.uk/STU3/ValueSet/eRS-ClinicType-1"/>
	</targetReference>
	<group>
		<source value="https://fhir.nhs.uk/STU3/CodeSystem/eRS-Specialty-1"/>
		<target value="https://fhir.nhs.uk/STU3/CodeSystem/eRS-ClinicType-1"/>
		<element>
			<code value="2WW"/>
			<target>
				<code value="2WW_BONE"/>
				<display value="2WW Bone"/>
				<equivalence value="specializes"/>
			</target>
			<target>
				<code value="2WW_BREAST"/>
				<display value="2WW Breast"/>
				<equivalence value="specializes"/>
			</target>
			<target>
				<code value="2WW_CHILDREN_AND_YOUNG_PEOPLE"/>
				<display value="2WW Children and Young People"/>
				<equivalence value="specializes"/>
			</target>
			<target>
				<code value="2WW_HAEMATOLOGY"/>
				<display value="2WW Haematology"/>
				<equivalence value="specializes"/>
			</target>
			<target>
				<code value="2WW_LOWER_GI"/>
				<display value="2WW Lower GI"/>
				<equivalence value="specializes"/>
			</target>
			<target>
				<code value="2WW_SARCOMA"/>
				<display value="2WW Sarcoma"/>
				<equivalence value="specializes"/>
			</target>
			<target>
				<code value="2WW_UPPER_GI"/>
				<display value="2WW Upper GI"/>
				<equivalence value="specializes"/>
			</target>
		</element>
		<element>
			<code value="ALLERGY"/>
			<target>
				<code value="ALLERGY_1"/>
				<display value="Allergy"/>
				<equivalence value="specializes"/>
			</target>
		</element>
		<element>
			<code value="CARDIOLOGY"/>
			<target>
				<code value="CARDIOLOGY_GENETICS"/>
				<display value="Cardiology Genetics"/>
				<equivalence value="specializes"/>
			</target>
			<target>
				<code value="HEART_FAILURE"/>
				<display value="Heart Failure"/>
				<equivalence value="specializes"/>
			</target>
			<target>
				<code value="ISCHAEMIC_HEART_DISEASE"/>
				<display value="Ischaemic Heart Disease"/>
				<equivalence value="specializes"/>
			</target>
			<target>
				<code value="NOT_OTHERWISE_SPECIFIED_1"/>
				<display value="Not Otherwise Specified"/>
				<equivalence value="specializes"/>
			</target>
			<target>
				<code value="VALVE_DISORDERS"/>
				<display value="Valve Disorders"/>
				<equivalence value="specializes"/>
			</target>
		</element>
		<element>
			<code value="CHILDRENS_ADOLESCENT_SERVICES"/>
			<target>
				<code value="AUDIOLOGY_1"/>
				<display value="Audiology"/>
				<equivalence value="specializes"/>
			</target>
			<target>
				<code value="COMMUNITY_PAEDIATRIC"/>
				<display value="Community Paediatric"/>
				<equivalence value="specializes"/>
			</target>
			<target>
				<code value="DERMATOLOGY_1"/>
				<display value="Dermatology"/>
				<equivalence value="specializes"/>
			</target>
			<target>
				<code value="DIABETES_1"/>
				<display value="Diabetes"/>
				<equivalence value="specializes"/>
			</target>
			<target>
				<code value="ENT"/>
				<display value="ENT"/>
				<equivalence value="specializes"/>
			</target>
			<target>
				<code value="GYNAECOLOGY"/>
				<display value="Gynaecology"/>
				<equivalence value="specializes"/>
			</target>
			<target>
				<code value="HAEMATOLOGY"/>
				<display value="Haematology"/>
				<equivalence value="specializes"/>
			</target>
			<target>
				<code value="METABOLIC_DISORDERS_1"/>
				<display value="Metabolic Disorders"/>
				<equivalence value="specializes"/>
			</target>
			<target>
				<code value="NEUROLOGY"/>
				<display value="Neurology"/>
				<equivalence value="specializes"/>
			</target>
			<target>
				<code value="OPHTHAL_NOT_OTHERWISE_SPECIFIED"/>
				<display value="Ophthal - Not Otherwise Specified"/>
				<equivalence value="specializes"/>
			</target>
			<target>
				<code value="OPHTHAL_STRABISMUS_OCULAR_MOTILITY"/>
				<display value="Ophthal - Strabismus / Ocular Motility"/>
				<equivalence value="specializes"/>
			</target>
			<target>
				<code value="ORTHOPAEDICS"/>
				<display value="Orthopaedics"/>
				<equivalence value="specializes"/>
			</target>
			<target>
				<code value="PLASTIC_SURGERY"/>
				<display value="Plastic Surgery"/>
				<equivalence value="specializes"/>
			</target>
			<target>
				<code value="RHEUMATOLOGY"/>
				<display value="Rheumatology"/>
				<equivalence value="specializes"/>
			</target>
			<target>
				<code value="UROLOGY_1"/>
				<display value="Urology"/>
				<equivalence value="specializes"/>
			</target>
		</element>
		<element>
			<code value="COMPLEMENTARY_MEDICINE"/>
			<target>
				<code value="DERMATOLOGY_2"/>
				<display value="Dermatology"/>
				<equivalence value="specializes"/>
			</target>
				<target>
				<code value="GENERAL_MEDICINE_1"/>
				<display value="General Medicine"/>
				<equivalence value="specializes"/>
			</target>
			<target>
				<code value="ONCOLOGY_ESTABLISHED_DIAGNOSIS"/>
				<display value="Oncology (established diagnosis)"/>
				<equivalence value="specializes"/>
			</target>
			<target>
				<code value="PSYCHOLOGICAL_MEDICINE"/>
				<display value="Psychological Medicine"/>
				<equivalence value="specializes"/>
			</target>
		</element>
		<element>
			<code value="DENTISTRY_AND_ORTHODONTICS"/>
			<target>
				<code value="ENDODONTICS"/>
				<display value="Endodontics"/>
				<equivalence value="specializes"/>
			</target>
			<target>
				<code value="ORTHODONTICS"/>
				<display value="Orthodontics"/>
				<equivalence value="specializes"/>
			</target>
			<target>
				<code value="PROSTHODONTICS"/>
				<display value="Prosthodontics"/>
				<equivalence value="specializes"/>
			</target>
		</element>
		<element>
			<code value="DERMATOLOGY"/>
			<target>
				<code value="ACNE"/>
				<display value="Acne"/>
				<equivalence value="specializes"/>
			</target>
			<target>
				<code value="CONNECTIVE_TISSUE_DISEASE"/>
				<display value="Connective Tissue Disease"/>
				<equivalence value="specializes"/>
			</target>
			<target>
				<code value="ECZEMA_AND_DERMATITIS"/>
				<display value="Eczema and Dermatitis"/>
				<equivalence value="specializes"/>
			</target>
			<target>
				<code value="MALE_GENITAL_SKIN_DISORDERS"/>
				<display value="Male Genital Skin Disorders"/>
				<equivalence value="specializes"/>
			</target>
			<target>
				<code value="LASER_CLINICS"/>
				<display value="Laser Clinics"/>
				<equivalence value="specializes"/>
			</target>
			<target>
				<code value="NOT_OTHERWISE_SPECIFIED_3"/>
				<display value="Not Otherwise Specified"/>
				<equivalence value="specializes"/>
			</target>
			<target>
				<code value="PATCH_TESTING_FOR_CONTACT_DERMATITIS"/>
				<display value="Patch Testing for Contact Dermatitis"/>
				<equivalence value="specializes"/>
			</target>
			<target>
				<code value="SKIN_SURGERY_FOR_BENIGN_SKIN_LESIONS"/>
				<display value="Skin Surgery for Benign Skin Lesions"/>
				<equivalence value="specializes"/>
			</target>
		</element>
		<element>
			<code value="DIABETIC_MEDICINE"/>
			<target>
				<code value="ERECTILE_DYSFUNCTION_1"/>
				<display value="Erectile Dysfunction"/>
				<equivalence value="specializes"/>
			</target>
			<target>
				<code value="PODIATRY_AND_FOOT"/>
				<display value="Podiatry and Foot"/>
				<equivalence value="specializes"/>
			</target>
			<target>
				<code value="RENAL_DIABETES_1"/>
				<display value="Renal Diabetes"/>
				<equivalence value="specializes"/>
			</target>
		</element>
		
		<element>
			<code value="DIAGNOSTIC_ENDOSCOPY"/>
			<target>
				<code value="FLEXIBLE_SIGMOIDOSCOPY"/>
				<display value="Flexible Sigmoidoscopy"/>
				<equivalence value="specializes"/>
			</target>
		</element>
		<element>
			<code value="DIAGNOSTIC_IMAGING"/>
			<target>
				<code value="BONE_DENSITY_SCAN_DEXA"/>
				<display value="Bone Density Scan (DEXA)"/>
				<equivalence value="specializes"/>
			</target>
			<target>
				<code value="RENAL_DIABETES_1"/>
				<display value="Renal Diabetes"/>
				<equivalence value="specializes"/>
			</target>
			<target>
				<code value="FLUOROSCOPY_AND_BARIUM_STUDIES"/>
				<display value="Fluoroscopy and Barium Studies"/>
				<equivalence value="specializes"/>
			</target>
			<target>
				<code value="MRI"/>
				<display value="MRI"/>
				<equivalence value="specializes"/>
			</target>
			<target>
				<code value="ULTRASOUND_1"/>
				<display value="Ultrasound"/>
				<equivalence value="specializes"/>
			</target>
		</element>
		<element>
			<code value="DIAGNOSTIC_PATHOLOGY"/>
			<target>
				<code value="BLOOD_TEST"/>
				<display value="Blood Test"/>
				<equivalence value="specializes"/>
			</target>
		</element>
		<element>
			<code value="DIAGNOSTIC_PHYSIOLOGICAL_MEASUREMENT"/>
			<target>
				<code value="CARDIAC_PHYSIOLOGY_BP_MONITORING"/>
				<display value="Cardiac Physiology - BP Monitoring"/>
				<equivalence value="specializes"/>
			</target>
			<target>
				<code value="CARDIAC_PHYSIOLOGY_ECHOCARDIOGRAM"/>
				<display value="Cardiac Physiology - Echocardiogram"/>
				<equivalence value="specializes"/>
			</target>
			<target>
				<code value="NEUROPHYSIOLOGY_EEG_ROUTINE"/>
				<display value="Neurophysiology - EEG (Routine)"/>
				<equivalence value="specializes"/>
			</target>
			<target>
				<code value="RESPIRATORY_BLOOD_GAS_ANALYSIS"/>
				<display value="Respiratory - Blood Gas Analysis"/>
				<equivalence value="specializes"/>
			</target>
			<target>
				<code value="RESPIRATORY_OXYGEN_ASSESSMENT"/>
				<display value="Respiratory - Oxygen Assessment"/>
				<equivalence value="specializes"/>
			</target>
			<target>
				<code value="URODYNAMICS_FREE_FLOW_RESIDUAL_URINE"/>
				<display value="Urodynamics - Free Flow / Residual Urine"/>
				<equivalence value="specializes"/>
			</target>
			<target>
				<code value="VASCULAR_AORTIC_ANEURYSM_ASSESSMENT"/>
				<display value="Vascular - Aortic Aneurysm Assessment"/>
				<equivalence value="specializes"/>
			</target>
		</element>
		<element>
			<code value="DIETETICS"/>
			<target>
				<code value="DIABETES_2"/>
				<display value="Diabetes"/>
				<equivalence value="specializes"/>
			</target>
			<target>
				<code value="FOOD_ALLERGY_AND_INTOLERANCE"/>
				<display value="Food Allergy and Intolerance"/>
				<equivalence value="specializes"/>
			</target>
			<target>
				<code value="NOT_OTHERWISE_SPECIFIED_4"/>
				<display value="Not Otherwise Specified"/>
				<equivalence value="specializes"/>
			</target>
			<target>
				<code value="WEIGHT_MANAGEMENT_1"/>
				<display value="Weight Management"/>
				<equivalence value="specializes"/>
			</target>
		</element>
		<element>
			<code value="EAR_NOSE_THROAT"/>
			<target>
				<code value="EAR"/>
				<display value="Ear"/>
				<equivalence value="specializes"/>
			</target>
			<target>
				<code value="HEARING_TESTS_AIDS_SEE_DIAG_PHYS_MEAS"/>
				<display value="Hearing Tests/Aids - see Diag Phys Meas"/>
				<equivalence value="specializes"/>
			</target>
			<target>
				<code value="NOSE_SINUS"/>
				<display value="Nose / Sinus"/>
				<equivalence value="specializes"/>
			</target>
			<target>
				<code value="ONCOLOGY_ESTABLISHED_DIAGNOSIS_4"/>
				<display value="Oncology (Established Diagnosis)"/>
				<equivalence value="specializes"/>
			</target>
			<target>
				<code value="SLEEP_APNOEA_SEE_SLEEP_MEDICINE"/>
				<display value="Sleep Apnoea - see Sleep Medicine"/>
				<equivalence value="specializes"/>
			</target>
			<target>
				<code value="THROAT_INCL_VOICE_SWALLOWING"/>
				<display value="Throat (incl Voice / Swallowing)"/>
				<equivalence value="specializes"/>
			</target>
		</element>
		<element>
			<code value="ENDOCRINOLOGY_AND_METABOLIC_MEDICINE"/>
			<target>
				<code value="ADRENAL_DISORDERS"/>
				<display value="Adrenal Disorders"/>
				<equivalence value="specializes"/>
			</target>
		</element>
		<element>
			<code value="ENDOCRINOLOGY_AND_METABOLIC_MEDICINE"/>
			<target>
				<code value="GYNAECOLOGICAL_ENDOCRINOLOGY"/>
				<display value="Gynaecological Endocrinology"/>
				<equivalence value="specializes"/>
			</target>
			<target>
				<code value="ONCOLOGY_ESTABLISHED_DIAGNOSIS_5"/>
				<display value="Oncology (Established Diagnosis)"/>
				<equivalence value="specializes"/>
			</target>
			<target>
				<code value="METABOLIC_BONE_DISORDERS"/>
				<display value="Metabolic Bone Disorders"/>
				<equivalence value="specializes"/>
			</target>
			<target>
				<code value="THYROID_PARATHYROID_2"/>
				<display value="Thyroid / Parathyroid"/>
				<equivalence value="specializes"/>
			</target>
		</element>
		<element>
			<code value="GENERAL_MEDICINE"/>
			<target>
				<code value="TRANSIENT_ISCHEMIC_ATTACK"/>
				<display value="Transient Ischemic Attack"/>
				<equivalence value="specializes"/>
			</target>
		</element>
		<element>
			<code value="GENITO_URINARY_MEDICINE"/>
			<target>
				<code value="GENITO_URINARY_MEDICINE"/>
				<display value="Genito-Urinary Medicine"/>
				<equivalence value="specializes"/>
			</target>
		</element>
		<element>
			<code value="GERIATRIC_MEDICINE"/>
			<target>
				<code value="FALLS"/>
				<display value="Falls"/>
				<equivalence value="specializes"/>
			</target>
			<target>
				<code value="MOVEMENT_DISORDERS_1"/>
				<display value="Movement Disorders"/>
				<equivalence value="specializes"/>
			</target>
			<target>
				<code value="STROKE_NOT_TIA_1"/>
				<display value="Stroke (not TIA)"/>
				<equivalence value="specializes"/>
			</target>
		</element>
		<element>
			<code value="GI_AND_LIVER_MEDICINE_AND_SURGERY"/>
			<target>
				<code value="ENDOSCOPY_SEE_DIAGNOSTIC_ENDOSCOPY"/>
				<display value="Endoscopy - see Diagnostic Endoscopy"/>
				<equivalence value="specializes"/>
			</target>
			<target>
				<code value="HEPATOLOGY"/>
				<display value="Hepatology"/>
				<equivalence value="specializes"/>
			</target>
			<target>
				<code value="LOWER_GI_MEDICAL_EXCL_IBD"/>
				<display value="Lower GI (medical) excl IBD"/>
				<equivalence value="specializes"/>
			</target>
			<target>
				<code value="UPPER_GI_INCL_DYSPEPSIA"/>
				<display value="Upper GI incl Dyspepsia"/>
				<equivalence value="specializes"/>
			</target>
		</element>
		<element>
			<code value="GYNAECOLOGY"/>
			<target>
				<code value="EARLY_PREGNANCY_ASSESSMENT"/>
				<display value="Early Pregnancy Assessment"/>
				<equivalence value="specializes"/>
			</target>
			<target>
				<code value="INFERTILITY"/>
				<display value="Infertility"/>
				<equivalence value="specializes"/>
			</target>
			<target>
				<code value="MENSTRUAL_DISORDERS"/>
				<display value="Menstrual Disorders"/>
				<equivalence value="specializes"/>
			</target>
			<target>
				<code value="ONCOLOGY_ESTABLISHED_DIAGNOSIS_7"/>
				<display value="Oncology (Established Diagnosis)"/>
				<equivalence value="specializes"/>
			</target>
			<target>
				<code value="PERINEAL_REPAIR"/>
				<display value="Perineal Repair"/>
				<equivalence value="specializes"/>
			</target>
			<target>
				<code value="PREGNANCY_ADVISORY_SERVICE"/>
				<display value="Pregnancy Advisory Service"/>
				<equivalence value="specializes"/>
			</target>
			<target>
				<code value="RECURRENT_MISCARRIAGE"/>
				<display value="Recurrent Miscarriage"/>
				<equivalence value="specializes"/>
			</target>
			<target>
				<code value="VULVAL_AND_PERINEAL_LESIONS"/>
				<display value="Vulval and Perineal Lesions"/>
				<equivalence value="specializes"/>
			</target>
		</element>
		<element>
			<code value="HAEMATOLOGY"/>
			<target>
				<code value="CLOTTING_DISORDERS"/>
				<display value="Clotting Disorders"/>
				<equivalence value="specializes"/>
			</target>
			<target>
				<code value="NOT_OTHERWISE_SPECIFIED_9"/>
				<display value="Not Otherwise Specified"/>
				<equivalence value="specializes"/>
			</target>
		</element>
		<element>
			<code value="HEALTH_PROMOTION"/>
			<target>
				<code value="EXERCISE"/>
				<display value="Exercise"/>
				<equivalence value="specializes"/>
			</target>
			<target>
				<code value="WEIGHT_MANAGEMENT_2"/>
				<display value="Weight Management"/>
				<equivalence value="specializes"/>
			</target>
		</element>
		<element>
			<code value="IMMUNOLOGY"/>
			<target>
				<code value="IMMUNODEFICIENCY"/>
				<display value="Immunodeficiency"/>
				<equivalence value="specializes"/>
			</target>
		</element>
		<element>
			<code value="INFECTIOUS_DISEASES"/>
			<target>
				<code value="BONE_AND_JOINT_INFECTION"/>
				<display value="Bone and Joint Infection"/>
				<equivalence value="specializes"/>
			</target>
			<target>
				<code value="FEVER"/>
				<display value="Fever"/>
				<equivalence value="specializes"/>
			</target>
			<target>
				<code value="NOT_OTHERWISE_SPECIFIED_11"/>
				<display value="Not Otherwise Specified"/>
				<equivalence value="specializes"/>
			</target>
			<target>
				<code value="TROPICAL_INFECTIONS"/>
				<display value="Tropical Infections"/>
				<equivalence value="specializes"/>
			</target>
			<target>
				<code value="VIRAL_HEPATITIS_NOT_HEP_A"/>
				<display value="Viral Hepatitis (not Hep A)"/>
				<equivalence value="specializes"/>
			</target>
		</element>
		<element>
			<code value="MENTAL_HEALTH_ADULTS_OF_ALL_AGES"/>
			<target>
				<code value="ANXIETY_DEPRESSION_STRESS_MILD_MODERATE_1"/>
				<display value="Anxiety/Depression/Stress: Mild/Moderate"/>
				<equivalence value="specializes"/>
			</target>
			<target>
				<code value="DRUG_ALCOHOL_PROBLEMS_1"/>
				<display value="Drug/Alcohol Problems"/>
				<equivalence value="specializes"/>
			</target>
			<target>
				<code value="MEMORY_PROBLEMS"/>
				<display value="Memory Problems"/>
				<equivalence value="specializes"/>
			</target>
			<target>
				<code value="PERI_AND_POST_NATAL_ISSUES"/>
				<display value="Peri and Post-Natal Issues"/>
				<equivalence value="specializes"/>
			</target>
			<target>
				<code value="PSYCHOTIC_DISORDERS_1"/>
				<display value="Psychotic Disorders"/>
				<equivalence value="specializes"/>
			</target>
			<target>
				<code value="SEXUAL_ISSUES"/>
				<display value="Sexual Issues"/>
				<equivalence value="specializes"/>
			</target>
		</element>
		<element>
			<code value="MENTAL_HEALTH_CHILD_AND_ADOLESCENT"/>
			<target>
				<code value="ANXIETY_DEPRESSION_STRESS_SEVERE"/>
				<display value="Anxiety/Depression/Stress: Severe"/>
				<equivalence value="specializes"/>
			</target>
			<target>
				<code value="DRUG_ALCOHOL_PROBLEMS_2"/>
				<display value="Drug/Alcohol Problems"/>
				<equivalence value="specializes"/>
			</target>
			<target>
				<code value="EMOTIONAL_PROBLEMS"/>
				<display value="Emotional Problems"/>
				<equivalence value="specializes"/>
			</target>
			<target>
				<code value="PSYCHOTIC_DISORDERS_2"/>
				<display value="Psychotic Disorders"/>
				<equivalence value="specializes"/>
			</target>
			<target>
				<code value="SELF_HARM_2"/>
				<display value="Self Harm"/>
				<equivalence value="specializes"/>
			</target>
		</element>
		<element>
			<code value="NEPHROLOGY"/>
			<target>
				<code value="HYPERTENSION_3"/>
				<display value="Hypertension"/>
				<equivalence value="specializes"/>
			</target>
			<target>
				<code value="RENAL_DIABETES_2"/>
				<display value="Renal Diabetes"/>
				<equivalence value="specializes"/>
			</target>
		</element>
		<element>
			<code value="NEUROLOGY"/>
			<target>
				<code value="EPILEPSY"/>
				<display value="Epilepsy"/>
				<equivalence value="specializes"/>
			</target>
			<target>
				<code value="NEUROMUSCULAR"/>
				<display value="Neuromuscular"/>
				<equivalence value="specializes"/>
			</target>
			<target>
				<code value="ONCOLOGY_ESTABLISHED_DIAGNOSIS_9"/>
				<display value="Oncology (Established Diagnosis)"/>
				<equivalence value="specializes"/>
			</target>
			<target>
				<code value="SLEEP_SEE_SLEEP_MEDICINE_1"/>
				<display value="Sleep - see Sleep Medicine"/>
				<equivalence value="specializes"/>
			</target>
			<target>
				<code value="TRANSIENT_ISCHAEMIC_ATTACK"/>
				<display value="Transient Ischaemic Attack"/>
				<equivalence value="specializes"/>
			</target>
		</element>
		<element>
			<code value="NEUROSURGERY"/>
			<target>
				<code value="NOT_OTHERWISE_SPECIFIED_15"/>
				<display value="Not Otherwise Specified"/>
				<equivalence value="specializes"/>
			</target>
		</element>
		<element>
			<code value="OBSTETRICS"/>
			<target>
				<code value="ANTENATAL"/>
				<display value="Antenatal"/>
				<equivalence value="specializes"/>
			</target>
			<target>
				<code value="ENDOCRINE_PREGNANCY_2"/>
				<display value="Endocrine Pregnancy"/>
				<equivalence value="specializes"/>
			</target>
			<target>
				<code value="HAEMOGLOBINOPATHIES_2"/>
				<display value="Haemoglobinopathies"/>
				<equivalence value="specializes"/>
			</target>
			<target>
				<code value="MATERNAL_MEDICINE"/>
				<display value="Maternal Medicine"/>
				<equivalence value="specializes"/>
			</target>
			<target>
				<code value="NOT_OTHERWISE_SPECIFIED_16"/>
				<display value="Not Otherwise Specified"/>
				<equivalence value="specializes"/>
			</target>
		</element>
		<element>
			<code value="OCCUPATIONAL_THERAPY"/>
			<target>
				<code value="NOT_OTHERWISE_SPECIFIED_17"/>
				<display value="Not Otherwise Specified"/>
				<equivalence value="specializes"/>
			</target>
			<target>
				<code value="WHEELCHAIR_SEATING"/>
				<display value="Wheelchair / Seating"/>
				<equivalence value="specializes"/>
			</target>
		</element>	
		<element>
			<code value="OPHTHALMOLOGY"/>
			<target>
				<code value="CORNEA"/>
				<display value="Cornea"/>
				<equivalence value="specializes"/>
			</target>
			<target>
				<code value="EXTERNAL_EYE_DISEASE"/>
				<display value="External Eye Disease"/>
				<equivalence value="specializes"/>
			</target>
			<target>
				<code value="LASER_YAG_CAPSULOTOMY"/>
				<display value="Laser (YAG capsulotomy)"/>
				<equivalence value="specializes"/>
			</target>
			<target>
				<code value="NEURO_OPHTHALMOLOGY"/>
				<display value="Neuro-Ophthalmology"/>
				<equivalence value="specializes"/>
			</target>
			<target>
				<code value="OCULOPLASTICS_ORBITS_LACRIMAL"/>
				<display value="Oculoplastics/Orbits/Lacrimal"/>
				<equivalence value="specializes"/>
			</target>
			<target>
				<code value="ORTHOPTICS"/>
				<display value="Orthoptics"/>
				<equivalence value="specializes"/>
			</target>
			<target>
				<code value="SQUINT_OCULAR_MOTILITY"/>
				<display value="Squint / Ocular Motility"/>
				<equivalence value="specializes"/>
			</target>
		</element>
		<element>
			<code value="ORAL_AND_MAXILLOFACIAL_SURGERY"/>
			<target>
				<code value="FACIAL_DEFORMITY"/>
				<display value="Facial Deformity"/>
				<equivalence value="specializes"/>
			</target>
			<target>
				<code value="HEAD_AND_NECK_LUMPS_NOT_2WW"/>
				<display value="Head and Neck Lumps (not 2WW)"/>
				<equivalence value="specializes"/>
			</target>
			<target>
				<code value="ONCOLOGY_ESTABLISHED_DIAGNOSIS_11"/>
				<display value="Oncology (Established Diagnosis)"/>
				<equivalence value="specializes"/>
			</target>
			<target>
				<code value="SALIVARY_GLAND_DISEASE"/>
				<display value="Salivary Gland Disease"/>
				<equivalence value="specializes"/>
			</target>
		</element>
		<element>
			<code value="ORTHOPAEDICS"/>
			<target>
				<code value="FRACTURE_NON_EMERGENCY"/>
				<display value="Fracture - Non Emergency"/>
				<equivalence value="specializes"/>
			</target>
			<target>
				<code value="HIP"/>
				<display value="Hip"/>
				<equivalence value="specializes"/>
			</target>
			<target>
				<code value="LIMB_DEFORMITY_RECONSTRUCTION"/>
				<display value="Limb Deformity/Reconstruction"/>
				<equivalence value="specializes"/>
			</target>
			<target>
				<code value="PODIATRIC_SURGERY"/>
				<display value="Podiatric Surgery"/>
				<equivalence value="specializes"/>
			</target>
			<target>
				<code value="SPINE_BACK_PAIN_NOT_SCOLIOSIS_DEFORM"/>
				<display value="Spine - Back Pain (not Scoliosis/Deform)"/>
				<equivalence value="specializes"/>
			</target>
			<target>
				<code value="SPINE_SCOLIOSIS_AND_DEFORMITY"/>
				<display value="Spine - Scoliosis and Deformity"/>
				<equivalence value="specializes"/>
			</target>
		</element>
		<element>
			<code value="ORTHOTICS_AND_PROSTHETICS"/>
			<target>
				<code value="ORTHOTICS"/>
				<display value="Orthotics"/>
				<equivalence value="specializes"/>
			</target>
		</element>
		<element>
			<code value="PAIN_MANAGEMENT"/>
			<target>
				<code value="PAIN_MANAGEMENT_2"/>
				<display value="Pain Management"/>
				<equivalence value="specializes"/>
			</target>
		</element>
		<element>
			<code value="PHYSIOTHERAPY"/>
			<target>
				<code value="CARDIOVASCULAR"/>
				<display value="Cardiovascular"/>
				<equivalence value="specializes"/>
			</target>
			<target>
				<code value="GYNAECOLOGICAL_PHYSIOTHERAPY"/>
				<display value="Gynaecological Physiotherapy"/>
				<equivalence value="specializes"/>
			</target>
			<target>
				<code value="NEUROLOGICAL"/>
				<display value="Neurological"/>
				<equivalence value="specializes"/>
			</target>
			<target>
				<code value="OBSTETRIC_PHYSIOTHERAPY"/>
				<display value="Obstetric Physiotherapy"/>
				<equivalence value="specializes"/>
			</target>
			<target>
				<code value="RESPIRATORY_2"/>
				<display value="Respiratory"/>
				<equivalence value="specializes"/>
			</target>
		</element>
		<element>
			<code value="PODIATRY"/>
			<target>
				<code value="AT_RISK_FOOT"/>
				<display value="At Risk Foot"/>
				<equivalence value="specializes"/>
			</target>
			<target>
				<code value="DIABETES_NOT_ULCER"/>
				<display value="Diabetes (not Ulcer)"/>
				<equivalence value="specializes"/>
			</target>
			<target>
				<code value="NOT_OTHERWISE_SPECIFIED_21"/>
				<display value="Not Otherwise Specified"/>
				<equivalence value="specializes"/>
			</target>
			<target>
				<code value="PODIATRIC_HEALTH_EDUCATION"/>
				<display value="Podiatric Health Education"/>
				<equivalence value="specializes"/>
			</target>
			<target>
				<code value="PODIATRIC_SURGERY_EXCL_NAIL_SURGERY"/>
				<display value="Podiatric Surgery - excl nail surgery"/>
				<equivalence value="specializes"/>
			</target>
		</element>
		<element>
			<code value="REHABILITATION"/>
			<target>
				<code value="NOT_OTHERWISE_SPECIFIED_22"/>
				<display value="Not Otherwise Specified"/>
				<equivalence value="specializes"/>
			</target>
		</element>
		<element>
			<code value="RESPIRATORY_MEDICINE"/>
			<target>
				<code value="ASTHMA"/>
				<display value="Asthma"/>
				<equivalence value="specializes"/>
			</target>
			<target>
				<code value="CYSTIC_FIBROSIS"/>
				<display value="Cystic Fibrosis"/>
				<equivalence value="specializes"/>
			</target>
			<target>
				<code value="NOT_OTHERWISE_SPECIFIED_23"/>
				<display value="Not Otherwise Specified"/>
				<equivalence value="specializes"/>
			</target>
			<target>
				<code value="ONCOLOGY_ESTABLISHED_DIAGNOSIS_14"/>
				<display value="Oncology (Established Diagnosis)"/>
				<equivalence value="specializes"/>
			</target>
			<target>
				<code value="TUBERCULOSIS_2"/>
				<display value="Tuberculosis"/>
				<equivalence value="specializes"/>
			</target>
		</element>
		<element>
			<code value="RHEUMATOLOGY"/>
			<target>
				<code value="INFLAMMATORY_ARTHRITIS"/>
				<display value="Inflammatory Arthritis"/>
				<equivalence value="specializes"/>
			</target>
			<target>
				<code value="OTHER_AUTOIMMUNE_RHEUMATIC_DISEASE"/>
				<display value="Other Autoimmune Rheumatic Disease"/>
				<equivalence value="specializes"/>
			</target>
		</element>
		<element>
			<code value="SLEEP_MEDICINE"/>
			<target>
				<code value="EXCESSIVE_INTRUSIVE_SLEEPINESS"/>
				<display value="Excessive / Intrusive Sleepiness"/>
				<equivalence value="specializes"/>
			</target>
			<target>
				<code value="PARASOMNIA_AND_OTHER_SLEEP_DISORDERS"/>
				<display value="Parasomnia and Other Sleep Disorders"/>
				<equivalence value="specializes"/>
			</target>
		</element>
		<element>
			<code value="SPEECH_AND_LANGUAGE_THERAPY"/>
			<target>
				<code value="COMMUNICATION"/>
				<display value="Communication"/>
				<equivalence value="specializes"/>
			</target>
		</element>
		<element>
			<code value="SPORTS_AND_EXERCISE_MEDICINE"/>
			<target>
				<code value="EXERCISE_MEDICINE"/>
				<display value="Exercise Medicine"/>
				<equivalence value="specializes"/>
			</target>
			<target>
				<code value="SOFT_TISSUE_INJURY"/>
				<display value="Soft Tissue Injury"/>
				<equivalence value="specializes"/>
			</target>
			<target>
				<code value="SPORTS_MEDICINE"/>
				<display value="Sports Medicine"/>
				<equivalence value="specializes"/>
			</target>
		</element>
		<element>
			<code value="SURGERY_BREAST"/>
			<target>
				<code value="MAMMOPLASTY_NON_2WW"/>
				<display value="Mammoplasty (non 2WW)"/>
				<equivalence value="specializes"/>
			</target>
			<target>
				<code value="OTHER_SYMPTOMATIC_BREAST_2WW"/>
				<display value="Other symptomatic Breast (2WW)"/>
				<equivalence value="specializes"/>
			</target>
		</element>
		<element>
			<code value="SURGERY_CARDIOTHORACIC"/>
			<target>
				<code value="THORACIC_SURGERY"/>
				<display value="Thoracic Surgery"/>
				<equivalence value="specializes"/>
			</target>
		</element>
		<element>
			<code value="SURGERY_NOT_OTHERWISE_SPECIFIED"/>
			<target>
				<code value="HERNIAS"/>
				<display value="Hernias"/>
				<equivalence value="specializes"/>
			</target>
		</element>
		<element>
			<code value="SURGERY_PLASTIC"/>
			<target>
				<code value="BASAL_CELL_CARCINOMA_2"/>
				<display value="Basal Cell Carcinoma"/>
				<equivalence value="specializes"/>
			</target>
			<target>
				<code value="CRANIOFACIAL_2"/>
				<display value="Craniofacial"/>
				<equivalence value="specializes"/>
			</target>
			<target>
				<code value="LASER"/>
				<display value="Laser"/>
				<equivalence value="specializes"/>
			</target>
			<target>
				<code value="MAMMOPLASTY"/>
				<display value="Mammoplasty"/>
				<equivalence value="specializes"/>
			</target>
			<target>
				<code value="NOT_OTHERWISE_SPECIFIED_24"/>
				<display value="Not Otherwise Specified"/>
				<equivalence value="specializes"/>
			</target>
			<target>
				<code value="UPPER_LIMB_2"/>
				<display value="Upper Limb"/>
				<equivalence value="specializes"/>
			</target>
		</element>
		<element>
			<code value="SURGERY_CARDIOTHORACIC"/>
			<target>
				<code value="ARTERIAL"/>
				<display value="Arterial"/>
				<equivalence value="specializes"/>
			</target>
			<target>
				<code value="LYMPHOEDEMA"/>
				<display value="Lymphoedema"/>
				<equivalence value="specializes"/>
			</target>
			<target>
				<code value="VARICOSE_VEINS"/>
				<display value="Varicose Veins"/>
				<equivalence value="specializes"/>
			</target>
		</element>
		<element>
			<code value="UROLOGY"/>
			<target>
				<code value="ERECTILE_DYSFUNCTION_ANDROLOGY"/>
				<display value="Erectile Dysfunction/Andrology"/>
				<equivalence value="specializes"/>
			</target>
			<target>
				<code value="MALE_INFERTILITY"/>
				<display value="Male Infertility"/>
				<equivalence value="specializes"/>
			</target>
			<target>
				<code value="ONCOLOGY_ESTABLISHED_DIAGNOSIS_16"/>
				<display value="Oncology (Established Diagnosis)"/>
				<equivalence value="specializes"/>
			</target>
			<target>
				<code value="URINARY_CALCULUS"/>
				<display value="Urinary Calculus"/>
				<equivalence value="specializes"/>
			</target>
		</element>
		<element>
			<code value="INTERVENTIONAL_RADIOLOGY_1"/>
			<target>
				<code value="INJECTION_AND_DRAINAGE"/>
				<display value="Injection and Drainage"/>
				<equivalence value="specializes"/>
			</target>
			<target>
				<code value="VASCULAR_AND_STENT"/>
				<display value="Vascular and Stent"/>
				<equivalence value="specializes"/>
			</target>
		</element>
	</group>
</ConceptMap>
