<?xml version="1.0"?>
<block>
<![CDATA[
<entry>
	<resource>
		<Patient xmlns="http://hl7.org/fhir">
			<id value="3"/>
			<meta>
				<versionId value="1521806400000"/>
				<profile value="https://fhir.nhs.uk/STU3/StructureDefinition/CareConnect-GPC-Patient-1"/>
			</meta>
			<extension url="https://fhir.nhs.uk/STU3/StructureDefinition/Extension-CareConnect-GPC-RegistrationDetails-1">
				<extension url="registrationPeriod">
					<valuePeriod>
						<start value="1962-07-13T00:00:00+01:00"/>
					</valuePeriod>
				</extension>
			</extension>
			<extension url="https://fhir.nhs.uk/STU3/StructureDefinition/Extension-CareConnect-GPC-NHSCommunication-1">
				<extension url="language">
					<valueCodeableConcept>
						<coding>
							<system value="https://fhir.nhs.uk/STU3/CodeSystem/CareConnect-HumanLanguage-1"/>
							<code value="en"/>
							<display value="English"/>
						</coding>
					</valueCodeableConcept>
				</extension>
				<extension url="preferred">
					<valueBoolean value="false"/>
				</extension>
				<extension url="modeOfCommunication">
					<valueCodeableConcept>
						<coding>
							<system value="https://fhir.nhs.uk/STU3/CodeSystem/CareConnect-LanguageAbilityMode-1"/>
							<code value="RWR"/>
							<display value="Received written"/>
						</coding>
					</valueCodeableConcept>
				</extension>
				<extension url="communicationProficiency">
					<valueCodeableConcept>
						<coding>
							<system value="https://fhir.nhs.uk/STU3/CodeSystem/CareConnect-LanguageAbilityProficiency-1"/>
							<code value="E"/>
							<display value="Excellent"/>
                            </coding>
                        </valueCodeableConcept>
                    </extension>
                    <extension url="interpreterRequired">
                        <valueBoolean value="false"/>
                    </extension>
                </extension>
                <identifier>
                    <extension url="https://fhir.nhs.uk/STU3/StructureDefinition/Extension-CareConnect-GPC-NHSNumberVerificationStatus-1">
                        <valueCodeableConcept>
                            <coding>
                                <system value="https://fhir.nhs.uk/STU3/CodeSystem/CareConnect-NHSNumberVerificationStatus-1"/>
                                <code value="01"/>
                                <display value="Number present and verified"/>
                            </coding>
                        </valueCodeableConcept>
                    </extension>
                    <system value="https://fhir.nhs.uk/Id/nhs-number"/>
                    <value value="9658218881"/>
                </identifier>
                <active value="true"/>
                <name>
                    <use value="official"/>
                    <text value="Kevin LEACH"/>
                    <family value="LEACH"/>
                    <given value="Kevin"/>
                    <prefix value="MR"/>
                </name>
                <telecom>
                    <system value="phone"/>
                    <value value="02123636563"/>
                    <use value="home"/>
                </telecom>
                <gender value="male"/>
                <birthDate value="1921-08-08"/>
                <address>
                    <use value="home"/>
                    <type value="physical"/>
                    <line value="12 ROOKERY CROFT"/>
                    <line value="EPWORTH"/>
                    <city value="DONCASTER"/>
                    <district value="S YORKSHIRE"/>
                    <postalCode value="DN9 1SJ"/>
                </address>
                <generalPractitioner>
                    <reference value="Practitioner/1"/>
                </generalPractitioner>
                <managingOrganization>
                    <reference value="Organization/7"/>
                </managingOrganization>
            </Patient>
        </resource>
    </entry>
]]>
</block>
