<Bundle xmlns="http://hl7.org/fhir">
   <meta>
      <profile value="https://fhir.nhs.uk/STU3/StructureDefinition/GPConnect-StructuredRecord-Bundle-1"></profile>
   </meta>
   <type value="collection"></type>
__PATIENT_4_HEAD__
__ORG_HEAD__
__DIARY_ENTRIES_WARNINGS__
   <entry>
      <resource>
         <List xmlns="http://hl7.org/fhir">
            <meta>
               <profile value="https://fhir.nhs.uk/STU3/StructureDefinition/CareConnect-GPC-List-1"></profile>
            </meta>
            <status value="current"></status>
            <mode value="snapshot"></mode>
            <title value="Patient recall administration"></title>
            <code>
               <coding>
                  <system value="http://snomed.info/sct"></system>
                  <code value="714311000000108"></code>
                  <display value="Patient recall administration"></display>
               </coding>
            </code>
            <subject>
               <reference value="Patient/__PATIENT_4_LOGICAL_ID__"></reference>
            </subject>
            <date value="2019-03-01T10:57:34+00:00"></date>
                <orderedBy>
                    <coding>
                        <system value="http://hl7.org/fhir/list-order"/>
                        <code value="event-date"/>
                    </coding>
                </orderedBy>
                <note>
                    <text value="Information not available"/>
                </note>
                <emptyReason>
                    <coding>
                        <system value="https://fhir.nhs.uk/STU3/CodeSystem/CareConnect-ListEmptyReasonCode-1"/>
                        <code value="no-content-recorded"/>
                        <display value="No Content Recorded"/>
                    </coding>
                </emptyReason>
            </List>
        </resource>
    </entry>
</Bundle>
