<Bundle xmlns="http://hl7.org/fhir">
   <meta>
      <profile value="https://fhir.nhs.uk/STU3/StructureDefinition/GPConnect-StructuredRecord-Bundle-1"></profile>
   </meta>
   <type value="collection"></type>
__PATIENT_3_HEAD__
__ORG_HEAD__
__DIARY_ENTRIES_WARNINGS__
   <entry>
      <resource>
         <List xmlns="http://hl7.org/fhir">
            <meta>
               <profile value="https://fhir.nhs.uk/STU3/StructureDefinition/CareConnect-GPC-List-1"></profile>
            </meta>
            <status value="current"></status>
            <mode value="snapshot"></mode>
            <title value="Patient recall administration"></title>
            <code>
               <coding>
                  <system value="http://snomed.info/sct"></system>
                  <code value="714311000000108"></code>
                  <display value="Patient recall administration"></display>
               </coding>
            </code>
            <subject>
               <reference value="Patient/__PATIENT_3_LOGICAL_ID__"></reference>
            </subject>
            <date value="2019-03-01T10:57:34+00:00"></date>
            <orderedBy>
               <coding>
                  <system value="http://hl7.org/fhir/list-order"></system>
                  <code value="event-date"></code>
               </coding>
            </orderedBy>
            <entry>
               <item>
                  <reference value="ProcedureRequest/eba25af1-5b74-4790-aa5a-2134fd27ad47"></reference>
               </item>
            </entry>
            <entry>
               <item>
                  <reference value="ProcedureRequest/eba25af1-5b74-4790-aa5a-2134fd57ad48"></reference>
               </item>
            </entry>
         </List>
      </resource>
   </entry>
   <entry>
      <resource>
         <ProcedureRequest xmlns="http://hl7.org/fhir">
            <id value="eba25af1-5b74-4790-aa5a-2134fd27ad47"></id>
            <meta>
               <profile value="https://fhir.nhs.uk/STU3/StructureDefinition/CareConnect-GPC-ProcedureRequest-1"></profile>
            </meta>
            <identifier>
               <system value="https://fhir.nhs.uk/Id/cross-care-setting-identifier"></system>
               <value value="urn:uuid:eba25af1-5b74-4790-aa5a-2134fd27ad75"></value>
            </identifier>
            <status value="active"></status>
            <intent value="plan"></intent>
            <code>
               <coding>
                  <system value="http://snomed.info/sct"></system>
                  <code value="314529007"></code>
                  <display value="Medication review due"></display>
               </coding>
            </code>
            <subject>
               <reference value="Patient/__PATIENT_3_LOGICAL_ID__"></reference>
            </subject>
            <context>
               <reference value="Encounter/Encounter1"></reference>
            </context>
            <occurrenceDateTime value="__DIARY_ENTRY_SEARCH_DATE__"></occurrenceDateTime>
            <authoredOn value="2019-03-02"></authoredOn>
            <requester>
               <agent>
                  <reference value="Practitioner/__PRACTITIONER_ID__"></reference>
               </agent>
            </requester>
         </ProcedureRequest>
      </resource>
   </entry>
   <entry>
      <resource>
         <ProcedureRequest xmlns="http://hl7.org/fhir">
            <id value="eba25af1-5b74-4790-aa5a-2134fd57ad48"></id>
            <meta>
               <profile value="https://fhir.nhs.uk/STU3/StructureDefinition/CareConnect-GPC-ProcedureRequest-1"></profile>
            </meta>
            <identifier>
               <system value="https://fhir.nhs.uk/Id/cross-care-setting-identifier"></system>
               <value value="urn:uuid:eba25af1-5b74-4790-aa5a-2134fd27ad748"></value>
            </identifier>
            <status value="active"></status>
            <intent value="plan"></intent>
            <code>
               <coding>
                  <system value="http://snomed.info/sct"></system>
                  <code value="408490001"></code>
                  <display value="Antipsychotic drug therapy"></display>
               </coding>
            </code>
            <subject>
               <reference value="Patient/__PATIENT_3_LOGICAL_ID__"></reference>
            </subject>
            <context>
               <reference value="Encounter/Encounter3"></reference>
            </context>
            <occurrencePeriod>
               <start value="__DIARY_ENTRY_SEARCH_DATE__"></start>
               <end value="__DIARY_ENTRY_SEARCH_DATE__"></end>
            </occurrencePeriod>
            <authoredOn value="2019-05-01"></authoredOn>
            <requester>
               <agent>
                  <reference value="Practitioner/__PRACTITIONER_ID__"></reference>
               </agent>
            </requester>
         </ProcedureRequest>
      </resource>
   </entry>
</Bundle>
