<Bundle xmlns="http://hl7.org/fhir">
   <meta>
      <profile value="https://fhir.nhs.uk/STU3/StructureDefinition/GPConnect-StructuredRecord-Bundle-1"></profile>
   </meta>
   <type value="collection"></type>
__PATIENT_2_HEAD__
__ORG_HEAD__
__DIARY_ENTRIES_WARNINGS__
   <entry>
      <resource>
         <List xmlns="http://hl7.org/fhir">
            <meta>
               <profile value="https://fhir.nhs.uk/STU3/StructureDefinition/CareConnect-GPC-List-1"></profile>
            </meta>
            <status value="current"></status>
            <mode value="snapshot"></mode>
            <title value="Patient recall administration"></title>
            <code>
               <coding>
                  <system value="http://snomed.info/sct"></system>
                  <code value="714311000000108"></code>
                  <display value="Patient recall administration"></display>
               </coding>
            </code>
            <subject>
               <reference value="Patient/__PATIENT_2_LOGICAL_ID__"></reference>
            </subject>
            <date value="2019-03-01T10:57:34+00:00"></date>
            <orderedBy>
               <coding>
                  <system value="http://hl7.org/fhir/list-order"></system>
                  <code value="event-date"></code>
               </coding>
            </orderedBy>
            <entry>
               <item>
                  <reference value="ProcedureRequest/eba25af1-5b74-4790-aa5a-2134fd27ad45"></reference>
               </item>
            </entry>
            <entry>
               <item>
                  <reference value="ProcedureRequest/eba25af1-5b74-4790-aa5a-2134fd57ad46"></reference>
               </item>
            </entry>
         </List>
      </resource>
   </entry>
   <entry>
      <resource>
         <ProcedureRequest xmlns="http://hl7.org/fhir">
            <id value="eba25af1-5b74-4790-aa5a-2134fd27ad45"></id>
            <meta>
               <profile value="https://fhir.nhs.uk/STU3/StructureDefinition/CareConnect-GPC-ProcedureRequest-1"></profile>
            </meta>
            <identifier>
               <system value="https://fhir.nhs.uk/Id/cross-care-setting-identifier"></system>
               <value value="urn:uuid:eba25af1-5b74-4790-aa5a-2134fd27ad75"></value>
            </identifier>
            <status value="active"></status>
            <intent value="plan"></intent>
            <code>
               <coding>
                  <system value="http://snomed.info/sct"></system>
                  <code value="314529007"></code>
                  <display value="Medication review due"></display>
               </coding>
            </code>
            <subject>
               <reference value="Patient/__PATIENT_2_LOGICAL_ID__"></reference>
            </subject>
            <context>
               <reference value="Encounter/Encounter1"></reference>
            </context>
            <occurrenceDateTime value="__DIARY_ENTRY_SEARCH_DATE__"></occurrenceDateTime>
            <authoredOn value="2019-03-02"></authoredOn>
            <requester>
               <agent>
                  <reference value="Practitioner/__PRACTITIONER_ID__"></reference>
               </agent>
            </requester>
         </ProcedureRequest>
      </resource>
   </entry>
   <entry>
      <resource>
         <ProcedureRequest xmlns="http://hl7.org/fhir">
            <id value="eba25af1-5b74-4790-aa5a-2134fd57ad46"></id>
            <meta>
               <profile value="https://fhir.nhs.uk/STU3/StructureDefinition/CareConnect-GPC-ProcedureRequest-1"></profile>
            </meta>
            <identifier>
               <system value="https://fhir.nhs.uk/Id/cross-care-setting-identifier"></system>
               <value value="urn:uuid:eba25af1-5b74-4790-aa5a-2134fd27ad76"></value>
            </identifier>
            <status value="active"></status>
            <intent value="plan"></intent>
            <code>
               <coding>
                  <system value="http://snomed.info/sct"></system>
                  <code value="408490001"></code>
                  <display value="Antipsychotic drug therapy"></display>
               </coding>
            </code>
            <subject>
               <reference value="Patient/__PATIENT_2_LOGICAL_ID__"></reference>
            </subject>
            <context>
               <reference value="Encounter/Encounter3"></reference>
            </context>
            <occurrencePeriod>
               <start value="__DIARY_ENTRY_SEARCH_DATE__"></start>
               <end value="__DIARY_ENTRY_SEARCH_DATE__"></end>
            </occurrencePeriod>
            <authoredOn value="2019-05-01"></authoredOn>
            <requester>
               <agent>
                  <reference value="Practitioner/__PRACTITIONER_ID__"></reference>
               </agent>
            </requester>
         </ProcedureRequest>
      </resource>
   </entry>
   <entry>
      <resource>
         <Condition xmlns="http://hl7.org/fhir">
            <id value="Problem-B-Swollen-Legs"></id>
            <meta>
               <profile value="https://fhir.nhs.uk/STU3/StructureDefinition/CareConnect-GPC-ProblemHeader-Condition-1"></profile>
            </meta>
            <extension url="https://fhir.hl7.org.uk/STU3/StructureDefinition/Extension-CareConnect-ProblemSignificance-1">
               <valueCode value="major"/>
            </extension>
            <extension url="https://fhir.hl7.org.uk/STU3/StructureDefinition/Extension-CareConnect-RelatedClinicalContent-1">
               <valueReference>
                  <reference value="ProcedureRequest/eba25af1-5b74-4790-aa5a-2134fd27ad45"></reference>
               </valueReference>
            </extension>
            <identifier>
                <system value="https://fhir.nhs.uk/Id/cross-care-setting-identifier"/>
                <value value="62658072-28af-47e5-b81c-bc0521d5c41c"/>
            </identifier>
            <clinicalStatus value="active"></clinicalStatus>
            <category>
                <coding>
                    <system value="http://hl7.org/fhir/condition-category"/>
                    <code value="problem-list-item"/>
                    <display value="Problem List Item"/>
                </coding>
            </category>
            <code>
               <coding>
                  <extension url="https://fhir.hl7.org.uk/STU3/StructureDefinition/Extension-coding-sctdescid">
                     <extension url="DescriptionID">
                        <valueId value="2729461000000110"></valueId>
                     </extension>
                     <extension url="descriptionDisplay">
                        <valueString value="Swollen leg"></valueString>
                     </extension>
                  </extension>
                  <system value="http://snomed.info/sct"></system>
                  <code value="449614009"></code>
                  <display value="Swelling of lower limb (finding)"></display>
               </coding>
               <text value="Swollen legs"></text>
            </code>
            <subject>
               <reference value="Patient/__PATIENT_2_LOGICAL_ID__"></reference>
            </subject>
            <onsetDateTime value="2019-03-28T10:30:00"></onsetDateTime>
            <assertedDate value="2018-09-28T10:30:00"></assertedDate>
            <asserter>
                <reference value="Practitioner/1"/>
            </asserter>
         </Condition>
      </resource>
   </entry>
    <entry>
        <resource>
            <List xmlns="http://hl7.org/fhir">
                <meta>
                    <profile value="https://fhir.nhs.uk/STU3/StructureDefinition/CareConnect-GPC-List-1"/>
                </meta>
                <status value="current"/>
                <mode value="snapshot"/>
                <title value="Problems"/>
                <code>
                    <coding>
                        <system value="http://snomed.info/sct"/>
                        <code value="717711000000103"/>
                        <display value="Problems"/>
                    </coding>
                </code>
                <subject>
                    <reference value="Patient/2"/>
                </subject>
                <date value="2019-03-01T10:57:34+00:00"/>
                <orderedBy>
                    <coding>
                        <system value="http://hl7.org/fhir/list-order"/>
                        <code value="event-date"/>
                    </coding>
                </orderedBy>
                <entry>
                    <item>
                        <reference value="Condition/Problem-B-Swollen-Legs"/>
                    </item>
                </entry>
            </List>
        </resource>
    </entry>
</Bundle>
