<?xml version="1.0"?>
<block>
<![CDATA[
  <entry>
    <resource>
      <Practitioner xmlns="http://hl7.org/fhir">
        <id value="1"/>
        <meta>
          <versionId value="1469444400000"/>
          <lastUpdated value="2016-07-25T12:00:00.000+01:00"/>
          <profile value="https://fhir.nhs.uk/STU3/StructureDefinition/CareConnect-GPC-Practitioner-1"/>
        </meta>
        <extension url="https://fhir.nhs.uk/STU3/StructureDefinition/Extension-CareConnect-GPC-NHSCommunication-1">
          <extension url="language">
            <valueCodeableConcept>
              <coding>
                <system value="https://fhir.nhs.uk/STU3/CodeSystem/CareConnect-HumanLanguage-1"/>
                <code value="de"/>
                <display value="German"/>
              </coding>
            </valueCodeableConcept>
          </extension>
        </extension>
        <extension url="https://fhir.nhs.uk/STU3/StructureDefinition/Extension-CareConnect-GPC-NHSCommunication-1">
          <extension url="language">
            <valueCodeableConcept>
              <coding>
                <system value="https://fhir.nhs.uk/STU3/CodeSystem/CareConnect-HumanLanguage-1"/>
                <code value="en"/>
                <display value="English"/>
              </coding>
            </valueCodeableConcept>
          </extension>
        </extension>
        <identifier>
          <system value="https://fhir.nhs.uk/Id/sds-user-id"/>
          <value value="G13579135"/>
        </identifier>
        <name>
          <use value="usual"/>
          <family value="Gilbert"/>
          <given value="Nichole"/>
          <prefix value="Miss"/>
        </name>
        <gender value="female"/>
      </Practitioner>
    </resource>
  </entry>
  <entry>
    <resource>
      <Organization xmlns="http://hl7.org/fhir">
        <id value="7"/>
        <meta>
          <versionId value="1469444400000"/>
          <lastUpdated value="2016-07-25T12:00:00.000+01:00"/>
          <profile value="https://fhir.nhs.uk/STU3/StructureDefinition/CareConnect-GPC-Organization-1"/>
        </meta>
        <identifier>
          <system value="https://fhir.nhs.uk/Id/ods-organization-code"/>
          <value value="B82617"/>
        </identifier>
        <name value="COXWOLD SURGERY"/>
        <telecom>
          <system value="phone"/>
          <value value="12345678"/>
          <use value="work"/>
        </telecom>
        <address>
          <use value="work"/>
          <line value="NHS NPFIT Test Data Manager"/>
          <line value="Princes Exchange"/>
          <city value="Leeds"/>
          <district value="West Yorkshire"/>
          <postalCode value="LS1 4HY"/>
        </address>
      </Organization>
    </resource>
  </entry>
   <entry>
      <resource>
         <PractitionerRole xmlns="http://hl7.org/fhir">
            <id value="e0244de8-07ef-4274-9f7a-d7067bcc8d21"></id>
            <meta>
               <profile value="https://fhir.nhs.uk/STU3/StructureDefinition/CareConnect-GPC-PractitionerRole-1"></profile>
            </meta>
            <practitioner>
               <reference value="Practitioner/6c41ebfd-57c3-4162-9d7b-208c171a2fd7"></reference>
            </practitioner>
            <organization>
               <reference value="Organization/db67f447-b30d-442a-8e31-6918d1367eeb"></reference>
            </organization>
            <code>
               <coding>
                  <system value="https://fhir.hl7.org.uk/STU3/CodeSystem/CareConnect-SDSJobRoleName-1"></system>
                  <code value="R0260"></code>
                  <display value="General Medical Practitioner"></display>
               </coding>
            </code>
         </PractitionerRole>
      </resource>
   </entry>
   <entry>
      <resource>
         <Location xmlns="http://hl7.org/fhir">
            <id value="17"></id>
            <meta>
               <versionId value="636064088100870233"></versionId>
               <profile value="https://fhir.nhs.uk/STU3/StructureDefinition/CareConnect-GPC-Location-1"></profile>
            </meta>
            <name value="The Trevelyan Practice"></name>
            <telecom>
               <system value="phone"></system>
               <value value="03003035678"></value>
               <use value="work"></use>
            </telecom>
            <address>
               <line value="Trevelyan Square"></line>
               <line value="Boar Ln"></line>
               <line value="Leeds"></line>
               <postalCode value="LS1 6AE"></postalCode>
            </address>
            <managingOrganization>
               <reference value="Organization/db67f447-b30d-442a-8e31-6918d1367eeb"></reference>
            </managingOrganization>
         </Location>
      </resource>
   </entry>
]]>
</block>
