<?xml version="1.0" encoding="UTF-8"?>
<CapabilityStatement xmlns="http://hl7.org/fhir" >
	<url value="https://fhir.nhs.uk/STU3/StructureDefinition/eRS-CapabilityStatement-1"/>
	<version value="1.0.0"/>
	<name value="eRS-CapabilityStatement-1"/>
	<status value="draft"/>
	<date value="2017-11-28"/>
	<publisher value="NHS Digital"/>
	<contact>
		<name value="Interoperability Team"/>
		<telecom>
			<system value="email"/>
			<value value="interoperabilityteam@nhs.net"/>
			<use value="work"/>
		</telecom>
	</contact>
	<copyright value="© 2017 NHS Digital"/>
	<kind value="requirements"/>
	<fhirVersion value="3.0.1"/>
	<acceptUnknown value="no"/>
	<format value="application/fhir+xml"/>
	<format value="application/fhir+json"/>
	<rest>
		<mode value="server"/>
		<resource>
			<type value="HealthcareService"/>
			<profile>
				<reference value="https://fhir.nhs.uk/STU3/StructureDefinition/STU3/eRS-HealthcareService-1"/>
			</profile>
			<interaction>
				<code value="read"/>
				<documentation value="Allows a read of a healthcareservice using the id"/>
			</interaction>
			<versioning value="versioned"/>
			<updateCreate value="false"/>
			<searchParam>
				<name value="name"/>
				<type value="string"/>
				<documentation value="Allows the retrieval of healthcareservice using the name."/>
			</searchParam>
			<searchParam>
				<name value="id"/>
				<type value="number"/>
				<documentation value="Allows the retrieval of healthcareservice using the id"/>
			</searchParam>	
		</resource>
		<operation>
			<name value="eRS-DoSServiceSearch-Operation-1"/>
			<definition id="https://fhir.nhs.uk/STU3/OperationDefinition/STU3/eRS-DoSServiceSearch-Operation-1"/>
		</operation>
		<operation>
			<name value="eRS-PatientServiceSearch-Operation-1"/>
			<definition id="https://fhir.nhs.uk/STU3/OperationDefinition/STU3/eRS-PatientServiceSearch-Operation-1"/>
		</operation>
	</rest>
</CapabilityStatement>
