{
  "resourceType": "CapabilityStatement",
  "version": "This gets set from the java",
  "name": "GP Connect",
  "status": "active",
  "date": "2018-02-23",
  "publisher": "Not provided",
  "contact": [
    {
      "name": "NHS Digital"
    }
  ],
  "description": "This server implements the GP Connect API version This gets set from the java",
  "copyright": "Copyright NHS Digital 2016",
  "kind": "capability",
	"software": {
		"name": "HAPI FHIR Server",
		"releaseDate": "2017-09-27T00:00:00+01:00",
		"version": "3.0.0"
	},
  "fhirVersion": "3.0.1",
  "acceptUnknown": "both",
  "format": [
    "application/fhir+json",
    "application/fhir+xml"
  ],
  "profile": [
      { "reference": "https://fhir.nhs.uk/STU3/StructureDefinition/CareConnect-GPC-Patient-1" },
      { "reference": "https://fhir.nhs.uk/STU3/StructureDefinition/CareConnect-GPC-Organization-1" },
      { "reference": "https://fhir.nhs.uk/STU3/StructureDefinition/CareConnect-GPC-Practitioner-1" },
      { "reference": "https://fhir.nhs.uk/STU3/StructureDefinition/CareConnect-GPC-PractitionerRole-1" },
      { "reference": "https://fhir.nhs.uk/STU3/StructureDefinition/CareConnect-GPC-Location-1" },
      { "reference": "https://fhir.nhs.uk/STU3/StructureDefinition/GPConnect-OperationOutcome-1" },
      { "reference": "https://fhir.nhs.uk/STU3/StructureDefinition/GPConnect-Appointment-1" },
      { "reference": "https://fhir.nhs.uk/STU3/StructureDefinition/GPConnect-Schedule-1" },
      { "reference": "https://fhir.nhs.uk/STU3/StructureDefinition/GPConnect-Slot-1" },
      { "reference": "https://fhir.nhs.uk/STU3/StructureDefinition/CareConnect-GPC-AllergyIntolerance-1" },
      { "reference": "https://fhir.nhs.uk/STU3/StructureDefinition/CareConnect-GPC-Medication-1" },
      { "reference": "https://fhir.nhs.uk/STU3/StructureDefinition/CareConnect-GPC-MedicationStatement-1" },
      { "reference": "https://fhir.nhs.uk/STU3/StructureDefinition/CareConnect-GPC-MedicationRequest-1" },
      { "reference": "https://fhir.nhs.uk/STU3/StructureDefinition/CareConnect-GPC-List-1" },
      { "reference": "https://fhir.nhs.uk/STU3/StructureDefinition/GPConnect-StructuredRecord-Bundle-1" },
      { "reference": "https://fhir.nhs.uk/STU3/StructureDefinition/CareConnect-GPC-Immunization-1" },
      { "reference": "https://fhir.nhs.uk/STU3/StructureDefinition/CareConnect-GPC-Condition-ProblemHeader-1" },
      { "reference": "https://fhir.nhs.uk/STU3/StructureDefinition/CareConnect-GPC-Encounter-1" },
      { "reference": "https://fhir.nhs.uk/STU3/StructureDefinition/CareConnect-GPC-Observation-1" },
      { "reference": "https://fhir.nhs.uk/STU3/StructureDefinition/CareConnect-GPC-DiagnosticReport-1" },
      { "reference": "https://fhir.nhs.uk/STU3/StructureDefinition/CareConnect-GPC-Specimen-1" },
      { "reference": "https://fhir.nhs.uk/STU3/StructureDefinition/CareConnect-GPC-ProcedureRequest-1" },
      { "reference": "https://fhir.nhs.uk/STU3/StructureDefinition/CareConnect-GPC-ReferralRequest-1" }
  ],
  "rest": [
    {
      "mode": "server",
      "security": {
        "cors": true
      },
      "resource": [
        {
          "type": "Patient",
          "interaction": [
            {
              "code": "read"
            },
            {
              "code": "search-type"
            }
          ],
          "searchParam": [
            {
              "name": "identifier",
              "type": "token",
              "documentation": "NHS Number (i.e. https://fhir.nhs.uk/Id/nhs-number|123456789)"
            }
          ]
        },
        {
          "type": "Organization",
          "interaction": [
            {
              "code": "read"
            },
            {
              "code": "search-type"
            }
          ],
          "searchParam": [
            {
              "name": "identifier",
              "type": "token",
              "documentation": "ODS Code (i.e. https://fhir.nhs.uk/Id/ods-organization-code|Y12345)"
            }
          ]
        },
        {
          "type": "Practitioner",
          "interaction": [
            {
              "code": "read"
            },
            {
              "code": "search-type"
            }
          ],
          "searchParam": [
            {
              "name": "identifier",
              "type": "token",
              "documentation": "SDS User Id (i.e. https://fhir.nhs.uk/Id/sds-user-id|999999)"
            }
          ]
        },
        {
          "type": "Location",
          "interaction": [
            {
              "code": "read"
            }
          ]
        },
        {
          "type": "Appointment",
          "interaction": [
            {
              "code": "read"
            },
            {
              "code": "create"
            },
            {
              "code": "update"
            },
            {
              "code": "search-type"
            }
          ],
          "updateCreate": false,
          "searchParam": [
            {
              "name": "identifier",
              "type": "token",
              "documentation": "NHS Number (i.e. https://fhir.nhs.uk/Id/nhs-number|123456789)"
            }
          ]
        },
        {
          "type": "Slot",
          "interaction": [
            {
              "code": "search-type"
            }
          ],
          "searchInclude": [
            "Schedule:actor:Location",
            "Schedule:actor:Practitioner",
            "Slot:schedule",
            "Location:managingOrganization"
          ],
          "searchParam": [
            {
              "name": "start",
              "type": "date"
            },
            {
              "name": "end",
              "type": "date"
            },
            {
              "name": "status",
              "type": "token"
            },
            {
              "name": "searchFilter",
              "type": "token"
            }
          ]
        }
      ],
      "operation": [
        {
          "name": "gpc.registerpatient",
          "definition": {
            "reference": "https://fhir.nhs.uk/STU3/OperationDefinition/GPConnect-RegisterPatient-Operation-1"
          }
        },
        {
          "name": "gpc.getstructuredrecord",
          "definition": {
            "reference": "https://fhir.nhs.uk/STU3/OperationDefinition/GPConnect-GetStructuredRecord-Operation-1/_history/1.15"
          }
        }
      ]
    }
  ]
}
