{
  "resourceType": "CapabilityStatement",
  "version": "This gets set from the java",
  "name": "GP Connect",
  "status": "active",
  "date": "2019-11-05",
  "publisher": "Not provided",
  "contact": [
    {
      "name": "NHS Digital"
    }
  ],
  "description": "This server implements the GP Connect API version This gets set from the java",
  "copyright": "Copyright NHS Digital 2016-19",
  "kind": "capability",
	"software": {
		"name": "HAPI FHIR Server",
		"releaseDate": "2017-09-27T00:00:00+01:00",
		"version": "3.0.0"
	},
  "fhirVersion": "3.0.1",
  "acceptUnknown": "both",
  "format": [
    "application/fhir+json",
    "application/fhir+xml"
  ],
  "profile": [
      { "reference": "https://fhir.nhs.uk/STU3/StructureDefinition/CareConnect-GPC-Patient-1/_history/1.8" },
      { "reference": "https://fhir.nhs.uk/STU3/StructureDefinition/CareConnect-GPC-Organization-1/_history/1.4" },
      { "reference": "https://fhir.nhs.uk/STU3/StructureDefinition/CareConnect-GPC-Practitioner-1/_history/1.2" },
      { "reference": "https://fhir.nhs.uk/STU3/StructureDefinition/CareConnect-GPC-PractitionerRole-1/_history/1.2" },
      { "reference": "https://fhir.nhs.uk/STU3/StructureDefinition/CareConnect-GPC-AllergyIntolerance-1/_history/1.7" },
      { "reference": "https://fhir.nhs.uk/STU3/StructureDefinition/CareConnect-GPC-Medication-1/_history/1.2" },
      { "reference": "https://fhir.nhs.uk/STU3/StructureDefinition/CareConnect-GPC-MedicationStatement-1/_history/1.6" },
      { "reference": "https://fhir.nhs.uk/STU3/StructureDefinition/CareConnect-GPC-MedicationRequest-1/_history/1.7" },
      { "reference": "https://fhir.nhs.uk/STU3/StructureDefinition/CareConnect-GPC-List-1/_history/1.2" },
      { "reference": "https://fhir.nhs.uk/STU3/StructureDefinition/GPConnect-StructuredRecord-Bundle-1/_history/1.3" },
      { "reference": "https://fhir.nhs.uk/STU3/StructureDefinition/GPConnect-OperationOutcome-1/_history/1.2" },
      { "reference": "https://fhir.nhs.uk/STU3/StructureDefinition/CareConnect-GPC-Immunization-1/_history/1.5" },
      { "reference": "https://fhir.nhs.uk/STU3/StructureDefinition/CareConnect-GPC-Condition-ProblemHeader-1/_history/1.4" },
      { "reference": "https://fhir.nhs.uk/STU3/StructureDefinition/CareConnect-GPC-Encounter-1/_history/1.4" },
      { "reference": "https://fhir.nhs.uk/STU3/StructureDefinition/CareConnect-GPC-Observation-1/_history/1.4" },
      { "reference": "https://fhir.nhs.uk/STU3/StructureDefinition/CareConnect-GPC-DiagnosticReport-1/_history/1.3" },
      { "reference": "https://fhir.nhs.uk/STU3/StructureDefinition/CareConnect-GPC-Specimen-1/_history/1.3" },
      { "reference": "https://fhir.nhs.uk/STU3/StructureDefinition/CareConnect-GPC-ProcedureRequest-1/_history/1.3" },
      { "reference": "https://fhir.nhs.uk/STU3/StructureDefinition/CareConnect-GPC-ReferralRequest-1/_history/1.2" }
  ],
  "rest": [
    {
      "mode": "server",
      "security": {
        "cors": true
      },
      "operation": [
        {
          "name": "gpc.getstructuredrecord",
          "definition": {
            "reference": "https://fhir.nhs.uk/STU3/OperationDefinition/GPConnect-GetStructuredRecord-Operation-1/_history/1.15"
          }
        }
      ]
    }
  ]
}
