<Parameters xmlns="http://hl7.org/fhir">
    <parameter>
        <name value="patientNHSNumber" />
        <valueIdentifier>
            <system value="http://fhir.nhs.net/Id/nhs-number" />
			<value value="__NHS_NO__" />
		</valueIdentifier>
    </parameter>
    <parameter>
        <name value="recordSection" />
        <valueCodeableConcept>
            <coding>
                <system value="http://fhir.nhs.net/ValueSet/gpconnect-record-section-1" />
				<code value="__CODE__" />
            </coding>
        </valueCodeableConcept>
    </parameter>
</Parameters>
