{
   "resourceType":"Parameters",
   "parameter":[
      {
         "name":"patientNHSNumber",
         "valueIdentifier":{
            "system":"http://fhir.nhs.net/Id/nhs-number",
            "value":"9658218873"
         }
      },
      {
         "name":"recordSection",
         "valueCodeableConcept":{
            "coding":[
               {
                  "system":"http://fhir.nhs.net/ValueSet/gpconnect-record-section-1",
                  "code":"ADM"
               }
            ]
         }
      }
   ]
}
