<?xml version="1.0" encoding="UTF-8"?>
<MessageDefinition xmlns="http://hl7.org/fhir" xmlns:xsi="http://www.w3.org/2001/XMLSchema-instance" xsi:schemaLocation="http://hl7.org/fhir ../../../Users/kzs/Desktop/fhir-all-xsd/messagedefinition.xsd">
 <meta>
  <profile value="https://fhir.nhs.uk/STU3/StructureDefinition/ITK-MessageDefinition-1"/>
 </meta>
 <url value="https://fhir.nhs.uk/STU3/MessageDefinition/ITK-eDischarge-1"/>
 <identifier>
  <system value="https://tools.ietf.org/html/rfc4122"/>
  <value value="49fbdb5e-ebba-11e7-8c3f-9a214cf093ae">
  </value>
 </identifier>
 <version value="1.0.0"/>
 <title value="ITK eDischarge message definition"/>
 <status value="active"/>
 <date value="2017-12-28T11:30:00+00:00"/>
 <event>
  <system value="https://fhir.nhs.uk/STU3/CodeSystem/ITK-MessageEvent-2"/>
  <code value="ITK003D"/>
  <display value="ITK eDischarge"/>
 </event>
 <category value="Notification"/>
 <focus>
  <code value="Bundle"/>
  <profile>
   <extension url="https://fhir.nhs.uk/STU3/StructureDefinition/Extension-ITK-BundledAssets-1">
    <extension url="utilisedProfile">
     <extension url="reference">
      <valueReference>
       <reference value="https://fhir.nhs.uk/STU3/StructureDefinition/ITK-EDIS-Composition-1"/>
      </valueReference>
     </extension>
     <extension url="version">
      <valueString value="1.1.0">
      </valueString>
     </extension>
    </extension>
    <extension url="utilisedProfile">
     <extension url="reference">
      <valueReference>
       <reference value="https://fhir.nhs.uk/STU3/StructureDefinition/CareConnect-ITK-Encounter-1"/>
      </valueReference>
     </extension>
     <extension url="version">
      <valueString value="1.1.0">
      </valueString>
     </extension>
    </extension>
   </extension>
   <extension url="utilisedExtension">
    <extension url="reference">
     <valueReference>
      <reference value="https://fhir.nhs.uk/STU3/StructureDefinition/Extension-ITK-DataEnterer-1"/>
     </valueReference>
    </extension>
    <extension url="version">
     <valueString value="1.1.0">
     </valueString>
    </extension>
   </extension>
   <extension url="utilisedExtension">
    <extension url="reference">
     <valueReference>
      <reference value="https://fhir.nhs.uk/STU3/StructureDefinition/Extension-ITK-CareSettingType-1"/>
     </valueReference>
    </extension>
    <extension url="version">
     <valueString value="1.1.0">
     </valueString>
    </extension>
   </extension>
   <extension url="utilisedValueSet">
    <extension url="reference">
     <valueReference>
      <reference value="https://fhir.nhs.uk/STU3/ValueSet/CareConnect-AllergySeverity-1"/>
     </valueReference>
    </extension>
    <extension url="version">
     <valueString value="1.0.0">
     </valueString>
    </extension>
   </extension>
   <extension url="utilisedValueSet">
    <extension url="reference">
     <valueReference>
      <reference value="https://fhir.nhs.uk/STU3/ValueSet/CareConnect-ConditionCategory-1"/>
     </valueReference>
    </extension>
    <extension url="version">
     <valueString value="1.0.0">
     </valueString>
    </extension>
   </extension>
   <extension url="utilisedCodeSystem">
    <extension url="reference">
     <valueReference>
      <reference value="http://snomed.info/sct"/>
     </valueReference>
    </extension>
    <extension url="version">
     <valueString value="latest release">
     </valueString>
    </extension>
   </extension>
   <extension url="utilisedCodeSytem">
    <extension url="reference">
     <valueReference>
      <reference value="https://fhir.nhs.uk/STU3/CodeSystem/CareConnect-ConditionCategory-1"/>
     </valueReference>
    </extension>
    <extension url="version">
     <valueString value="1.0.0">
     </valueString>
    </extension>
   </extension>
   <extension url="utilisedConceptMap">
    <extension url="reference">
     <valueReference>
      <reference value="https://fhir.nhs.uk/STU3/ConceptMap/CareConnect-AdministrativeGender-1"/>
     </valueReference>
    </extension>
    <extension url="version">
     <valueString value="1.0.0">
     </valueString>
    </extension>
   </extension>
   <reference value="https://fhir.nhs.uk/STU3/StructureDefinition/ITK-Bundle-1"/>
  </profile>
 </focus>
 <allowedResponse>
  <message>
   <reference value="https://fhir.nhs.uk/STU3/MessageDefinition/ITK-BusAck-MessageDefinition-1">
   </reference>
  </message>
 </allowedResponse>
 <allowedResponse>
  <message>
   <reference value="https://fhir.nhs.uk/STU3/MessageDefinition/ITK-InfAck-MessageDefinition-1">
   </reference>
  </message>
 </allowedResponse>
</MessageDefinition>
