<MessageDefinition xmlns="http://hl7.org/fhir">
 <meta>
  <profile value="https://fhir.nhs.uk/STU3/StructureDefinition/ITK-MessageDefinition-1"/>
 </meta>
 <url value="https://fhir.nhs.uk/STU3/MessageDefinition/ITK-SendPayload-MessageDefinition-Instance-1"/>
 <identifier>
  <system value="https://tools.ietf.org/html/rfc4122"/>
  <value value="49fbdb5e-ebba-11e7-8c3f-9a214cf093ae">
  </value>
 </identifier>
 <version value="1.0.0"/>
 <title value="ITK Send Message Payload message definition"/>
 <status value="active"/>
 <date value="2017-12-28T11:30:00+00:00"/>
 <copyright value="Copyright © 2017 NHS Digital"/>
 <event>
  <!--any value from the code system to identify the payload-->
  <system value="https://fhir.nhs.uk/STU3/CodeSystem/ITK-MessageEvent-2"/>
  <code value="any from value code system"/>
  <display value="to match value from code system"/>
 </event>
 <category value="Notification"/>
 <focus>
  <code value="Bundle"/>
  <profile>
   <extension url="https://fhir.nhs.uk/STU3/StructureDefinition/Extension-ITK-BundledAssets-1">
    <extension url="utilisedAsset">
     <extension url="type">
      <valueCode value="StructureDefinition"/>
     </extension>
     <extension url="reference">
      <valueReference>
       <reference value="https://fhir.nhs.uk/STU3/StructureDefinition/ITK-MessageHeader-2"/>
      </valueReference>
     </extension>
     <extension url="version">
      <valueString value="2.0.0"/>
     </extension>
    </extension>
    <extension url="utilisedAsset">
     <extension url="type">
      <valueCode value="StructureDefinition"/>
     </extension>
     <extension url="reference">
      <valueReference>
       <reference value="https://fhir.nhs.uk/STU3/StructureDefinition/CareConnect-ITK-Header-Practitioner-1"/>
      </valueReference>
     </extension>
     <extension url="version">
      <valueString value="1.0.0"/>
     </extension>
    </extension>
    <extension url="utilisedAsset">
     <extension url="type">
      <valueCode value="StructureDefinition"/>
     </extension>
     <extension url="reference">
      <valueReference>
       <reference value="https://fhir.nhs.uk/STU3/StructureDefinition/CareConnect-ITK-Header-Organization-1"/>
      </valueReference>
     </extension>
     <extension url="version">
      <valueString value="1.0.0"/>
     </extension>
    </extension>
    <!-- allows for any profile or profiles which make up the payload -->
    <extension url="utilisedAsset">
     <extension url="type">
      <valueCode value="StructureDefinition"/>
     </extension>
     <extension url="reference">
      <valueReference>
       <reference value="https://fhir.nhs.uk/STU3/StructureDefinition/any"/>
      </valueReference>
     </extension>
     <extension url="version">
      <valueString value="any"/>
     </extension>
    </extension>
    <extension url="utilisedAsset">
     <extension url="type">
      <valueCode value="Extension"/>
     </extension>
     <extension url="reference">
      <valueReference>
       <reference value="https://fhir.nhs.uk/STU3/StructureDefinition/Extension-ITK-MessageHandling-2"/>
      </valueReference>
     </extension>
     <extension url="version">
      <valueString value="2.0.0"/>
     </extension>
    </extension>
    <extension url="utilisedAsset">
     <!-- to allow any extension to be used in the payload -->
     <extension url="type">
      <valueCode value="Extension"/>
     </extension>
     <extension url="reference">
      <valueReference>
       <reference value="https://fhir.nhs.uk/STU3/StructureDefinition/any"/>
      </valueReference>
     </extension>
     <extension url="version">
      <valueString value="any"/>
     </extension>
    </extension>
    <extension url="utilisedAsset">
     <extension url="type">
      <valueCode value="ValueSet"/>
     </extension>
     <extension url="reference">
      <valueReference>
       <reference value="https://fhir.nhs.uk/STU3/ValueSet/ITK-MessageEvent-2"/>
      </valueReference>
     </extension>
     <extension url="version">
      <valueString value="2.0.0"/>
     </extension>
    </extension>
    <!-- to allow any valueset to be used in the payload -->
    <extension url="utilisedAsset">
     <extension url="type">
      <valueCode value="ValueSet"/>
     </extension>
     <extension url="reference">
      <valueReference>
       <reference value="https://fhir.nhs.uk/STU3/ValueSet/any"/>
      </valueReference>
     </extension>
     <extension url="version">
      <valueString value="any"/>
     </extension>
    </extension>
    <!-- to allow snomed ct to be used in the payload -->
    <extension url="utilisedAsset">
     <extension url="type">
      <valueCode value="ValueSet"/>
     </extension>
     <extension url="reference">
      <valueReference>
       <reference value="http://snomed.info/sct"/>
      </valueReference>
     </extension>
     <extension url="version">
      <valueString value="latest release"/>
     </extension>
    </extension>
    <extension url="utilisedAsset">
     <extension url="type">
      <valueCode value="CodeSystem"/>
     </extension>
     <extension url="reference">
      <valueReference>
       <reference value="https://fhir.nhs.uk/STU3/CodeSystem/ITK-MessageEvent-2"/>
      </valueReference>
     </extension>
     <extension url="version">
      <valueString value="2.0.0"/>
     </extension>
    </extension>
    <!-- to allow for any code system used in payload -->
    <extension url="utilisedAsset">
     <extension url="type">
      <valueCode value="CodeSystem"/>
     </extension>
     <extension url="reference">
      <valueReference>
       <reference value="https://fhir.nhs.uk/STU3/CodeSystem/any"/>
      </valueReference>
     </extension>
     <extension url="version">
      <valueString value="any"/>
     </extension>
    </extension>
    <!-- to allow any concept map to be used in the payload -->
    <extension url="utilisedAsset">
     <extension url="type">
      <valueCode value="ConceptMap"/>
     </extension>
     <extension url="reference">
      <valueReference>
       <reference value="https://fhir.nhs.uk/STU3/ConceptMap/any"/>
      </valueReference>
     </extension>
     <extension url="version">
      <valueString value="any"/>
     </extension>
    </extension>
   </extension>
   <reference value="https://fhir.nhs.uk/STU3/StructureDefinition/ITK-Message-Bundle-1"/>
  </profile>
 </focus>
 <allowedResponse>
  <message>
   <reference value="https://fhir.nhs.uk/STU3/MessageDefinition/ITK-Response-MessageDefinition-1">
   </reference>
  </message>
 </allowedResponse>
 <!-- allows for other responses to the payload -->
 <allowedResponse>
  <message>
   <reference value="https://fhir.nhs.uk/STU3/MessageDefinition/any">
   </reference>
  </message>
 </allowedResponse>
</MessageDefinition>
