<MessageDefinition xmlns="http://hl7.org/fhir">
 <meta>
  <profile value="https://fhir.nhs.uk/STU3/StructureDefinition/ITK-MessageDefinition-1"/>
 </meta>
 <url value="https://fhir.nhs.uk/STU3/MessageDefinition/ITK-Response-MessageDefinition-1"/>
 <identifier>
  <system value="https://tools.ietf.org/html/rfc4122"/>
  <value value="ae8173ff-bb62-40a2-b7e3-74e81171341d">
  </value>
 </identifier>
 <version value="1.0.0"/>
 <title value="ITK Response Message Definition"/>
 <status value="active"/>
 <date value="2018-01-05T14:05:00+00:00"/>
 <copyright value="Copyright © 2017 NHS Digital"/>
 <event>
  <!--Identifies the message definition for the ITK Infrastructure Acknowledgement-->
  <system value="https://fhir.nhs.uk/STU3/CodeSystem/ITK-MessageEvent-2"/>
  <code value="ITK008M"/>
  <display value="ITK Response"/>
 </event>
 <category value="Notification"/>
 <focus>
  <code value="Bundle"/>
  <profile>
   <extension url="https://fhir.nhs.uk/STU3/StructureDefinition/Extension-ITK-BundledAssets-1">
    <extension url="utilisedAsset">
     <extension url="type">
      <valueCode value="StructureDefinition"/>
     </extension>
     <extension url="reference">
      <valueReference>
       <reference value="https://fhir.nhs.uk/STU3/StructureDefinition/ITK-MessageHeader-2"/>
      </valueReference>
     </extension>
     <extension url="version">
      <valueString value="2.0.0"/>
     </extension>
    </extension>
    <extension url="utilisedAsset">
     <extension url="type">
      <valueCode value="StructureDefinition"/>
     </extension>
     <extension url="reference">
      <valueReference>
       <reference value="https://fhir.nhs.uk/STU3/StructureDefinition/CareConnect-ITK-Header-Practitioner-1"/>
      </valueReference>
     </extension>
     <extension url="version">
      <valueString value="1.0.0"/>
     </extension>
    </extension>
    <extension url="utilisedAsset">
     <extension url="type">
      <valueCode value="StructureDefinition"/>
     </extension>
     <extension url="reference">
      <valueReference>
       <reference value="https://fhir.nhs.uk/STU3/StructureDefinition/CareConnect-ITK-Header-Organization-1"/>
      </valueReference>
     </extension>
     <extension url="version">
      <valueString value="1.0.0"/>
     </extension>
    </extension>
    <extension url="utilisedAsset">
     <extension url="type">
      <valueCode value="StructureDefinition"/>
     </extension>
     <extension url="reference">
      <valueReference>
       <reference value="https://fhir.nhs.uk/STU3/StructureDefinition/ITK-Response-OperationOutcome-1"/>
      </valueReference>
     </extension>
     <extension url="version">
      <valueString value="1.0.0"/>
     </extension>
    </extension>
   </extension>
   <extension url="utilisedAsset">
    <extension url="type">
     <valueCode value="Extension"/>
    </extension>
    <extension url="reference">
     <valueReference>
      <reference value="https://fhir.nhs.uk/STU3/StructureDefinition/Extension-ITK-MessageHandling-2"/>
     </valueReference>
    </extension>
    <extension url="version">
     <valueString value="2.0.0"/>
    </extension>
   </extension>
   <extension url="utilisedAsset">
    <extension url="type">
     <valueCode value="ValueSet"/>
    </extension>
    <extension url="reference">
     <valueReference>
      <reference value="https://fhir.nhs.uk/STU3/ValueSet/ITK-MessageEvent-2"/>
     </valueReference>
    </extension>
    <extension url="version">
     <valueString value="2.0.0"/>
    </extension>
   </extension>
   <extension url="utilisedAsset">
    <extension url="type">
     <valueCode value="ValueSet"/>
    </extension>
    <extension url="reference">
     <valueReference>
      <reference value="http://hl7.org/fhir/ValueSet/issue-severity"/>
     </valueReference>
    </extension>
    <extension url="version">
     <valueString value="3.0.1"/>
    </extension>
   </extension>
   <extension url="utilisedAsset">
    <extension url="type">
     <valueCode value="ValueSet"/>
    </extension>
    <extension url="reference">
     <valueReference>
      <reference value="http://hl7.org/fhir/ValueSet/issue-type"/>
     </valueReference>
    </extension>
    <extension url="version">
     <valueString value="3.0.1"/>
    </extension>
   </extension>
   <extension url="utilisedAsset">
    <extension url="type">
     <valueCode value="ValueSet"/>
    </extension>
    <extension url="reference">
     <valueReference>
      <reference value="https://fhir.nhs.uk/STU3/ValueSet/ITK-Response-1"/>
     </valueReference>
    </extension>
    <extension url="version">
     <valueString value="1.1.0"/>
    </extension>
   </extension>
   <extension url="utilisedAsset">
    <extension url="type">
     <valueCode value="CodeSystem"/>
    </extension>
    <extension url="reference">
     <valueReference>
      <reference value="https://fhir.nhs.uk/STU3/CodeSystem/ITK-MessageEvent-2"/>
     </valueReference>
    </extension>
    <extension url="version">
     <valueString value="2.0.0"/>
    </extension>
   </extension>
   <extension url="utilisedAsset">
    <extension url="type">
     <valueCode value="CodeSystem"/>
    </extension>
    <extension url="reference">
     <valueReference>
      <reference value="http://hl7.org/fhir/issue-severity"/>
     </valueReference>
    </extension>
    <extension url="version">
     <valueString value="3.0.1"/>
    </extension>
   </extension>
   <extension url="utilisedAsset">
    <extension url="type">
     <valueCode value="CodeSystem"/>
    </extension>
    <extension url="reference">
     <valueReference>
      <reference value="http://hl7.org/fhir/issue-type"/>
     </valueReference>
    </extension>
    <extension url="version">
     <valueString value="3.0.1"/>
    </extension>
   </extension>
   <extension url="utilisedAsset">
    <extension url="type">
     <valueCode value="CodeSystem"/>
    </extension>
    <extension url="reference">
     <valueReference>
      <reference value="https://fhir.nhs.uk/STU3/CodeSystem/ITK-Response-1"/>
     </valueReference>
    </extension>
    <extension url="version">
     <valueString value="1.1.0"/>
    </extension>
   </extension>
   <reference value="https://fhir.nhs.uk/STU3/StructureDefinition/ITK-Message-Bundle-1"/>
  </profile>
 </focus>
 <allowedResponse>
  <message>
   <reference value="https://fhir.nhs.uk/STU3/MessageDefinition/ITK-Response-MessageDefinition-1">
   </reference>
  </message>
 </allowedResponse>
</MessageDefinition>