<MessageDefinition xmlns="http://hl7.org/fhir" xmlns:xsi="http://www.w3.org/2001/XMLSchema-instance" xsi:schemaLocation="http://hl7.org/fhir ../Schemas/messagedefinition.xsd">
 <meta>
  <profile value="https://fhir.nhs.uk/STU3/StructureDefinition/ITK-MessageDefinition-1"/>
 </meta>
 <url value="https://fhir.nhs.uk/STU3/MessageDefinition/ITK-MH-eDischarge-MessageDefinition-Instance-1"/>
 <identifier>
  <system value="https://tools.ietf.org/html/rfc4122"/>
  <value value="11002693-f33d-40eb-9bae-3b7cc24eba18">
  </value>
 </identifier>
 <version value="2.0.0"/>
 <title value="ITK Mental Health eDischarge Message Definition"/>
 <status value="active"/>
 <date value="2018-04-16T22:52:00+00:00"/>
 <copyright value="Copyright © 2018 NHS Digital"/>
 <event>
  <system value="https://fhir.nhs.uk/STU3/CodeSystem/ITK-MessageEvent-2"/>
  <code value="ITK004D"/>
  <display value="ITK Mental Health eDischarge"/>
 </event>
 <category value="Notification"/>
 <focus>
  <code value="Bundle"/>
  <profile>
   <extension url="https://fhir.nhs.uk/STU3/StructureDefinition/Extension-ITK-BundledAssets-1">
    <extension url="utilisedAsset">
     <extension url="type">
      <valueCode value="StructureDefinition"/>
     </extension>
     <extension url="reference">
      <valueReference>
       <reference value="ITK-Document-Bundle-1"/>
      </valueReference>
     </extension>
     <extension url="version">
      <valueString value="1.0.0"/>
     </extension>
    </extension>
    <extension url="utilisedAsset">
     <extension url="type">
      <valueCode value="StructureDefinition"/>
     </extension>
     <extension url="reference">
      <valueReference>
       <reference value="https://fhir.nhs.uk/STU3/StructureDefinition/CareConnect-ITK-Allergy-List-1"/>
      </valueReference>
     </extension>
     <extension url="version">
      <valueString value="1.1.0"/>
     </extension>
    </extension>
    <extension url="utilisedAsset">
     <extension url="type">
      <valueCode value="StructureDefinition"/>
     </extension>
     <extension url="reference">
      <valueReference>
       <reference value="https://fhir.hl7.org.uk/STU3/StructureDefinition/CareConnect-AllergyIntolerance-1"/>
      </valueReference>
     </extension>
     <extension url="version">
      <valueString value="1.0.0"/>
     </extension>
    </extension>
    <extension url="utilisedAsset">
     <extension url="type">
      <valueCode value="StructureDefinition"/>
     </extension>
     <extension url="reference">
      <valueReference>
       <reference value="https://fhir.nhs.uk/STU3/StructureDefinition/CareConnect-ITK-MH-Composition-1"/>
      </valueReference>
     </extension>
     <extension url="version">
      <valueString value="1.1.0"/>
     </extension>
    </extension>
    <extension url="utilisedAsset">
     <extension url="type">
      <valueCode value="StructureDefinition"/>
     </extension>
     <extension url="reference">
      <valueReference>
       <reference value="https://fhir.nhs.uk/STU3/StructureDefinition/CareConnect-ITK-Condition-1"/>
      </valueReference>
     </extension>
     <extension url="version">
      <valueString value="1.0.0"/>
     </extension>
    </extension>
    <extension url="utilisedAsset">
     <extension url="type">
      <valueCode value="StructureDefinition"/>
     </extension>
     <extension url="reference">
      <valueReference>
       <reference value="https://fhir.nhs.uk/STU3/StructureDefinition/CareConnect-ITK-Condition-List-1"/>
      </valueReference>
     </extension>
     <extension url="version">
      <valueString value="1.1.0"/>
     </extension>
    </extension>
    <extension url="utilisedAsset">
     <extension url="type">
      <valueCode value="StructureDefinition"/>
     </extension>
     <extension url="reference">
      <valueReference>
       <reference value="https://fhir.nhs.uk/STU3/StructureDefinition/CareConnect-ITK-Encounter-1"/>
      </valueReference>
     </extension>
     <extension url="version">
      <valueString value="1.0.0"/>
     </extension>
    </extension>
    <extension url="utilisedAsset">
     <extension url="type">
      <valueCode value="StructureDefinition"/>
     </extension>
     <extension url="reference">
      <valueReference>
       <reference value="https://fhir.nhs.uk/STU3/StructureDefinition/CareConnect-ITK-Medication-List-1"/>
      </valueReference>
     </extension>
     <extension url="version">
      <valueString value="1.1.0"/>
     </extension>
    </extension>
    <extension url="utilisedAsset">
     <extension url="type">
      <valueCode value="StructureDefinition"/>
     </extension>
     <extension url="reference">
      <valueReference>
       <reference value="https://fhir.nhs.uk/STU3/StructureDefinition/CareConnect-ITK-MedicationStatement-1"/>
      </valueReference>
     </extension>
     <extension url="version">
      <valueString value="1.0.0"/>
     </extension>
    </extension>
    <extension url="utilisedAsset">
     <extension url="type">
      <valueCode value="StructureDefinition"/>
     </extension>
     <extension url="reference">
      <valueReference>
       <reference value="https://fhir.nhs.uk/STU3/StructureDefinition/CareConnect-ITK-Medication-1"/>
      </valueReference>
     </extension>
     <extension url="version">
      <valueString value="1.0.0"/>
     </extension>
    </extension>
    <extension url="utilisedAsset">
     <extension url="type">
      <valueCode value="StructureDefinition"/>
     </extension>
     <extension url="reference">
      <valueReference>
       <reference value="https://fhir.nhs.uk/STU3/StructureDefinition/CareConnect-ITK-Procedure-1"/>
      </valueReference>
     </extension>
     <extension url="version">
      <valueString value="1.0.0"/>
     </extension>
    </extension>
    <extension url="utilisedAsset">
     <extension url="type">
      <valueCode value="StructureDefinition"/>
     </extension>
     <extension url="reference">
      <valueReference>
       <reference value="https://fhir.nhs.uk/STU3/StructureDefinition/CareConnect-ITK-Procedure-List-1"/>
      </valueReference>
     </extension>
     <extension url="version">
      <valueString value="1.1.0"/>
     </extension>
    </extension>
    <extension url="utilisedAsset">
     <extension url="type">
      <valueCode value="StructureDefinition"/>
     </extension>
     <extension url="reference">
      <valueReference>
       <reference value="https://fhir.nhs.uk/STU3/StructureDefinition/CareConnect-ITK-Observation-1"/>
      </valueReference>
     </extension>
     <extension url="version">
      <valueString value="1.0.0"/>
     </extension>
    </extension>
    <extension url="utilisedAsset">
     <extension url="type">
      <valueCode value="StructureDefinition"/>
     </extension>
     <extension url="reference">
      <valueReference>
       <reference value="https://fhir.hl7.org.uk/STU3/StructureDefinition/CareConnect-Patient-1"/>
      </valueReference>
     </extension>
     <extension url="version">
      <valueString value="1.0.1"/>
     </extension>
    </extension>
    <extension url="utilisedAsset">
     <extension url="type">
      <valueCode value="StructureDefinition"/>
     </extension>
     <extension url="reference">
      <valueReference>
       <reference value="https://fhir.hl7.org.uk/STU3/StructureDefinition/CareConnect-Practitioner-1"/>
      </valueReference>
     </extension>
     <extension url="version">
      <valueString value="1.0.0"/>
     </extension>
    </extension>
    <extension url="utilisedAsset">
     <extension url="type">
      <valueCode value="StructureDefinition"/>
     </extension>
     <extension url="reference">
      <valueReference>
       <reference value="https://fhir.hl7.org.uk/STU3/StructureDefinition/CareConnect-PractitionerRole-1"/>
      </valueReference>
     </extension>
     <extension url="version">
      <valueString value="1.0.0"/>
     </extension>
    </extension>
    <extension url="utilisedAsset">
     <extension url="type">
      <valueCode value="StructureDefinition"/>
     </extension>
     <extension url="reference">
      <valueReference>
       <reference value="https://fhir.nhs.uk/STU3/StructureDefinition/ITK-RelatedPerson-1"/>
      </valueReference>
     </extension>
     <extension url="version">
      <valueString value="1.0.0"/>
     </extension>
    </extension>
    <extension url="utilisedAsset">
     <extension url="type">
      <valueCode value="StructureDefinition"/>
     </extension>
     <extension url="reference">
      <valueReference>
       <reference value="https://fhir.hl7.org.uk/STU3/StructureDefinition/CareConnect-Organization-1"/>
      </valueReference>
     </extension>
     <extension url="version">
      <valueString value="1.0.0"/>
     </extension>
    </extension>
    <extension url="utilisedAsset">
     <extension url="type">
      <valueCode value="StructureDefinition"/>
     </extension>
     <extension url="reference">
      <valueReference>
       <reference value="https://fhir.hl7.org.uk/STU3/StructureDefinition/CareConnect-Location-1"/>
      </valueReference>
     </extension>
     <extension url="version">
      <valueString value="1.0.0"/>
     </extension>
    </extension>
    <extension url="utilisedAsset">
     <extension url="type">
      <valueCode value="StructureDefinition"/>
     </extension>
     <extension url="reference">
      <valueReference>
       <reference value="https://fhir.nhs.uk/STU3/StructureDefinition/ITK-Attachment-Binary-1"/>
      </valueReference>
     </extension>
     <extension url="version">
      <valueString value="1.0.0"/>
     </extension>
    </extension>
    <extension url="utilisedAsset">
     <extension url="type">
      <valueCode value="StructureDefinition"/>
     </extension>
     <extension url="reference">
      <valueReference>
       <reference value="https://fhir.nhs.uk/STU3/StructureDefinition/ITK-Device-1"/>
      </valueReference>
     </extension>
     <extension url="version">
      <valueString value="1.0.0"/>
     </extension>
    </extension>
    <extension url="utilisedAsset">
     <extension url="type">
      <valueCode value="Extension"/>
     </extension>
     <extension url="reference">
      <valueReference>
       <reference value="https://fhir.nhs.uk/STU3/StructureDefinition/Extension-ITK-CareSettingType-1"/>
      </valueReference>
     </extension>
     <extension url="version">
      <valueString value="1.0.0"/>
     </extension>
    </extension>
    <extension url="utilisedAsset">
     <extension url="type">
      <valueCode value="Extension"/>
     </extension>
     <extension url="reference">
      <valueReference>
       <reference value="https://fhir.hl7.org.uk/STU3/StructureDefinition/Extension-CareConnect-NHSCommunication-1"/>
      </valueReference>
     </extension>
     <extension url="version">
      <valueString value="1.0.0"/>
     </extension>
    </extension>
    <extension url="utilisedAsset">
     <extension url="type">
      <valueCode value="Extension"/>
     </extension>
     <extension url="reference">
      <valueReference>
       <reference value="https://fhir.hl7.org.uk/STU3/StructureDefinition/Extension-CareConnect-MainLocation-1"/>
      </valueReference>
     </extension>
     <extension url="version">
      <valueString value="1.0.0"/>
     </extension>
    </extension>
    <extension url="utilisedAsset">
     <extension url="type">
      <valueCode value="Extension"/>
     </extension>
     <extension url="reference">
      <valueReference>
       <reference value="http://hl7.org/fhir/StructureDefinition/organization-period"/>
      </valueReference>
     </extension>
     <extension url="version">
      <valueString value="1.0.0"/>
     </extension>
    </extension>
    <extension url="utilisedAsset">
     <extension url="type">
      <valueCode value="Extension"/>
     </extension>
     <extension url="reference">
      <valueReference>
       <reference value="https://fhir.hl7.org.uk/STU3/StructureDefinition/Extension-CareConnect-EncounterTransport-1"/>
      </valueReference>
     </extension>
     <extension url="version">
      <valueString value="1.0.0"/>
     </extension>
    </extension>
    <extension url="utilisedAsset">
     <extension url="type">
      <valueCode value="Extension"/>
     </extension>
     <extension url="reference">
      <valueReference>
       <reference value="https://fhir.hl7.org.uk/STU3/StructureDefinition/Extension-coding-sctdescid"/>
      </valueReference>
     </extension>
     <extension url="version">
      <valueString value="1.0.0"/>
     </extension>
    </extension>
    <extension url="utilisedAsset">
     <extension url="type">
      <valueCode value="Extension"/>
     </extension>
     <extension url="reference">
      <valueReference>
       <reference value="https://fhir.hl7.org.uk/STU3/StructureDefinition/Extension-CareConnect-MedicationStatementLastIssueDate-1"/>
      </valueReference>
     </extension>
     <extension url="version">
      <valueString value="1.0.0"/>
     </extension>
    </extension>
    <extension url="utilisedAsset">
     <extension url="type">
      <valueCode value="Extension"/>
     </extension>
     <extension url="reference">
      <valueReference>
       <reference value="https://fhir.hl7.org.uk/STU3/StructureDefinition/Extension-CareConnect-MedicationRepeatInformation-1"/>
      </valueReference>
     </extension>
     <extension url="version">
      <valueString value="1.0.0"/>
     </extension>
    </extension>
    <extension url="utilisedAsset">
     <extension url="type">
      <valueCode value="Extension"/>
     </extension>
     <extension url="reference">
      <valueReference>
       <reference value="https://fhir.hl7.org.uk/STU3/StructureDefinition/Extension-CareConnect-EthnicCategory-1"/>
      </valueReference>
     </extension>
     <extension url="version">
      <valueString value="1.0.0"/>
     </extension>
    </extension>
    <extension url="utilisedAsset">
     <extension url="type">
      <valueCode value="Extension"/>
     </extension>
     <extension url="reference">
      <valueReference>
       <reference value="https://fhir.hl7.org.uk/STU3/StructureDefinition/Extension-CareConnect-ReligiousAffiliation-1"/>
      </valueReference>
     </extension>
     <extension url="version">
      <valueString value="1.0.0"/>
     </extension>
    </extension>
    <extension url="utilisedAsset">
     <extension url="type">
      <valueCode value="Extension"/>
     </extension>
     <extension url="reference">
      <valueReference>
       <reference value="https://fhir.hl7.org.uk/STU3/StructureDefinition/Extension-CareConnect-ResidentialStatus-1"/>
      </valueReference>
     </extension>
     <extension url="version">
      <valueString value="1.0.0"/>
     </extension>
    </extension>
    <extension url="utilisedAsset">
     <extension url="type">
      <valueCode value="Extension"/>
     </extension>
     <extension url="reference">
      <valueReference>
       <reference value="https://fhir.hl7.org.uk/STU3/StructureDefinition/Extension-CareConnect-TreatmentCategory-1"/>
      </valueReference>
     </extension>
     <extension url="version">
      <valueString value="1.0.0"/>
     </extension>
    </extension>
    <extension url="utilisedAsset">
     <extension url="type">
      <valueCode value="Extension"/>
     </extension>
     <extension url="reference">
      <valueReference>
       <reference value="https://fhir.hl7.org.uk/STU3/StructureDefinition/Extension-CareConnect-NHSNumberVerificationStatus-1"/>
      </valueReference>
     </extension>
     <extension url="version">
      <valueString value="1.0.0"/>
     </extension>
    </extension>
    <extension url="utilisedAsset">
     <extension url="type">
      <valueCode value="Extension"/>
     </extension>
     <extension url="reference">
      <valueReference>
       <reference value="http://hl7.org/fhir/StructureDefinition/patient-cadavericDonor"/>
      </valueReference>
     </extension>
     <extension url="version">
      <valueString value="1.0.0"/>
     </extension>
    </extension>
    <extension url="utilisedAsset">
     <extension url="type">
      <valueCode value="Extension"/>
     </extension>
     <extension url="reference">
      <valueReference>
       <reference value="http://hl7.org/fhir/StructureDefinition/patient-birthTime"/>
      </valueReference>
     </extension>
     <extension url="version">
      <valueString value="1.0.0"/>
     </extension>
    </extension>
    <extension url="utilisedAsset">
     <extension url="type">
      <valueCode value="Extension"/>
     </extension>
     <extension url="reference">
      <valueReference>
       <reference value="https://fhir.hl7.org.uk/STU3/StructureDefinition/Extension-CareConnect-ConditionEpisode-1"/>
      </valueReference>
     </extension>
     <extension url="version">
      <valueString value="1.0.0"/>
     </extension>
    </extension>
    <extension url="utilisedAsset">
     <extension url="type">
      <valueCode value="Extension"/>
     </extension>
     <extension url="reference">
      <valueReference>
       <reference value="https://fhir.hl7.org.uk/STU3/StructureDefinition/Extension-CareConnect-ConditionRelationship-1"/>
      </valueReference>
     </extension>
     <extension url="version">
      <valueString value="1.0.0"/>
     </extension>
    </extension>
    <extension url="utilisedAsset">
     <extension url="type">
      <valueCode value="Extension"/>
     </extension>
     <extension url="reference">
      <valueReference>
       <reference value="https://fhir.hl7.org.uk/STU3/StructureDefinition/Extension-CareConnect-ReasonCondition-1"/>
      </valueReference>
     </extension>
     <extension url="version">
      <valueString value="1.0.0"/>
     </extension>
    </extension>
    <extension url="utilisedAsset">
     <extension url="type">
      <valueCode value="Extension"/>
     </extension>
     <extension url="reference">
      <valueReference>
       <reference value="https://fhir.hl7.org.uk/STU3/StructureDefinition/Extension-CareConnect-DateRecorded-1"/>
      </valueReference>
     </extension>
     <extension url="version">
      <valueString value="1.0.0"/>
     </extension>
    </extension>
    <extension url="utilisedAsset">
     <extension url="type">
      <valueCode value="Extension"/>
     </extension>
     <extension url="reference">
      <valueReference>
       <reference value="http://hl7.org/fhir/StructureDefinition/encounter-associatedEncounter"/>
      </valueReference>
     </extension>
     <extension url="version">
      <valueString value="1.0.0"/>
     </extension>
    </extension>
    <extension url="utilisedAsset">
     <extension url="type">
      <valueCode value="Extension"/>
     </extension>
     <extension url="reference">
      <valueReference>
       <reference value="https://fhir.hl7.org.uk/STU3/StructureDefinition/Extension-CareConnect-AllergyIntoleranceEnd-1"/>
      </valueReference>
     </extension>
     <extension url="version">
      <valueString value="1.0.0"/>
     </extension>
    </extension>
    <extension url="utilisedAsset">
     <extension url="type">
      <valueCode value="Extension"/>
     </extension>
     <extension url="reference">
      <valueReference>
       <reference value="https://fhir.hl7.org.uk/STU3/StructureDefinition/Extension-CareConnect-Evidence-1"/>
      </valueReference>
     </extension>
     <extension url="version">
      <valueString value="1.0.0"/>
     </extension>
    </extension>
    <extension url="utilisedAsset">
     <extension url="type">
      <valueCode value="ValueSet"/>
     </extension>
     <extension url="reference">
      <valueReference>
       <reference value="http://snomed.info/sct"/>
      </valueReference>
     </extension>
     <extension url="version">
      <valueString value="latest release"/>
     </extension>
    </extension>
    <extension url="utilisedAsset">
     <extension url="type">
      <valueCode value="ValueSet"/>
     </extension>
     <extension url="reference">
      <valueReference>
       <reference value="https://fhir.nhs.uk/STU3/ValueSet/CareConnect-ManufacturedMaterialSnCT-1"/>
      </valueReference>
     </extension>
     <extension url="version">
      <valueString value="1.0.0"/>
     </extension>
    </extension>
    <extension url="utilisedAsset">
     <extension url="type">
      <valueCode value="ValueSet"/>
     </extension>
     <extension url="reference">
      <valueReference>
       <reference value="http://hl7.org/fhir/ValueSet/additional-instruction-codes"/>
      </valueReference>
     </extension>
     <extension url="version">
      <valueString value="3.0.1"/>
     </extension>
    </extension>
    <extension url="utilisedAsset">
     <extension url="type">
      <valueCode value="ValueSet"/>
     </extension>
     <extension url="reference">
      <valueReference>
       <reference value="http://hl7.org/fhir/ValueSet/address-use"/>
      </valueReference>
     </extension>
     <extension url="version">
      <valueString value="3.0.1"/>
     </extension>
    </extension>
    <extension url="utilisedAsset">
     <extension url="type">
      <valueCode value="ValueSet"/>
     </extension>
     <extension url="reference">
      <valueReference>
       <reference value="http://hl7.org/fhir/ValueSet/address-type"/>
      </valueReference>
     </extension>
     <extension url="version">
      <valueString value="3.0.1"/>
     </extension>
    </extension>
    <extension url="utilisedAsset">
     <extension url="type">
      <valueCode value="ValueSet"/>
     </extension>
     <extension url="reference">
      <valueReference>
       <reference value="http://hl7.org/fhir/ValueSet/administrative-gender"/>
      </valueReference>
     </extension>
     <extension url="version">
      <valueString value="3.0.1"/>
     </extension>
    </extension>
    <extension url="utilisedAsset">
     <extension url="type">
      <valueCode value="ValueSet"/>
     </extension>
     <extension url="reference">
      <valueReference>
       <reference value="http://hl7.org/fhir/ValueSet/administration-method-codes"/>
      </valueReference>
     </extension>
     <extension url="version">
      <valueString value="3.0.1"/>
     </extension>
    </extension>
    <extension url="utilisedAsset">
     <extension url="type">
      <valueCode value="ValueSet"/>
     </extension>
     <extension url="reference">
      <valueReference>
       <reference value="http://hl7.org/fhir/ValueSet/approach-site-codes"/>
      </valueReference>
     </extension>
     <extension url="version">
      <valueString value="3.0.1"/>
     </extension>
    </extension>
    <extension url="utilisedAsset">
     <extension url="type">
      <valueCode value="ValueSet"/>
     </extension>
     <extension url="reference">
      <valueReference>
       <reference value="http://hl7.org/fhir/ValueSet/all-languages"/>
      </valueReference>
     </extension>
     <extension url="version">
      <valueString value="3.0.1"/>
     </extension>
    </extension>
    <extension url="utilisedAsset">
     <extension url="type">
      <valueCode value="ValueSet"/>
     </extension>
     <extension url="reference">
      <valueReference>
       <reference value="http://hl7.org/fhir/ValueSet/allergy-clinical-status"/>
      </valueReference>
     </extension>
     <extension url="version">
      <valueString value="3.0.1"/>
     </extension>
    </extension>
    <extension url="utilisedAsset">
     <extension url="type">
      <valueCode value="ValueSet"/>
     </extension>
     <extension url="reference">
      <valueReference>
       <reference value="http://hl7.org/fhir/ValueSet/allergy-intolerance-category"/>
      </valueReference>
     </extension>
     <extension url="version">
      <valueString value="3.0.1"/>
     </extension>
    </extension>
    <extension url="utilisedAsset">
     <extension url="type">
      <valueCode value="ValueSet"/>
     </extension>
     <extension url="reference">
      <valueReference>
       <reference value="http://hl7.org/fhir/ValueSet/allergy-intolerance-criticality"/>
      </valueReference>
     </extension>
     <extension url="version">
      <valueString value="3.0.1"/>
     </extension>
    </extension>
    <extension url="utilisedAsset">
     <extension url="type">
      <valueCode value="ValueSet"/>
     </extension>
     <extension url="reference">
      <valueReference>
       <reference value="http://hl7.org/fhir/ValueSet/allergy-intolerance-type"/>
      </valueReference>
     </extension>
     <extension url="version">
      <valueString value="3.0.1"/>
     </extension>
    </extension>
    <extension url="utilisedAsset">
     <extension url="type">
      <valueCode value="ValueSet"/>
     </extension>
     <extension url="reference">
      <valueReference>
       <reference value="http://hl7.org/fhir/ValueSet/allergy-verification-status"/>
      </valueReference>
     </extension>
     <extension url="version">
      <valueString value="3.0.1"/>
     </extension>
    </extension>
    <extension url="utilisedAsset">
     <extension url="type">
      <valueCode value="ValueSet"/>
     </extension>
     <extension url="reference">
      <valueReference>
       <reference value="http://hl7.org/fhir/ValueSet/animal-breeds"/>
      </valueReference>
     </extension>
     <extension url="version">
      <valueString value="3.0.1"/>
     </extension>
    </extension>
    <extension url="utilisedAsset">
     <extension url="type">
      <valueCode value="ValueSet"/>
     </extension>
     <extension url="reference">
      <valueReference>
       <reference value="http://hl7.org/fhir/ValueSet/animal-genderstatus"/>
      </valueReference>
     </extension>
     <extension url="version">
      <valueString value="3.0.1"/>
     </extension>
    </extension>
    <extension url="utilisedAsset">
     <extension url="type">
      <valueCode value="ValueSet"/>
     </extension>
     <extension url="reference">
      <valueReference>
       <reference value="http://hl7.org/fhir/ValueSet/animal-species"/>
      </valueReference>
     </extension>
     <extension url="version">
      <valueString value="3.0.1"/>
     </extension>
    </extension>
    <extension url="utilisedAsset">
     <extension url="type">
      <valueCode value="ValueSet"/>
     </extension>
     <extension url="reference">
      <valueReference>
       <reference value="http://hl7.org/fhir/ValueSet/body-site"/>
      </valueReference>
     </extension>
     <extension url="version">
      <valueString value="3.0.1"/>
     </extension>
    </extension>
    <extension url="utilisedAsset">
     <extension url="type">
      <valueCode value="ValueSet"/>
     </extension>
     <extension url="reference">
      <valueReference>
       <reference value="http://hl7.org/fhir/ValueSet/bundle-type"/>
      </valueReference>
     </extension>
     <extension url="version">
      <valueString value="3.0.1"/>
     </extension>
    </extension>
    <extension url="utilisedAsset">
     <extension url="type">
      <valueCode value="ValueSet"/>
     </extension>
     <extension url="reference">
      <valueReference>
       <reference value="https://fhir.hl7.org.uk/STU3/ValueSet/CareConnect-AdministrativeGender-1"/>
      </valueReference>
     </extension>
     <extension url="version">
      <valueString value="3.0.1"/>
     </extension>
    </extension>
    <extension url="utilisedAsset">
     <extension url="type">
      <valueCode value="ValueSet"/>
     </extension>
     <extension url="reference">
      <valueReference>
       <reference value="https://fhir.hl7.org.uk/STU3/ValueSet/CareConnect-AllergyCode-1"/>
      </valueReference>
     </extension>
     <extension url="version">
      <valueString value="1.0.0"/>
     </extension>
    </extension>
    <extension url="utilisedAsset">
     <extension url="type">
      <valueCode value="ValueSet"/>
     </extension>
     <extension url="reference">
      <valueReference>
       <reference value="https://fhir.hl7.org.uk/STU3/ValueSet/CareConnect-AllergyManifestation-1"/>
      </valueReference>
     </extension>
     <extension url="version">
      <valueString value="1.0.0"/>
     </extension>
    </extension>
    <extension url="utilisedAsset">
     <extension url="type">
      <valueCode value="ValueSet"/>
     </extension>
     <extension url="reference">
      <valueReference>
       <reference value="https://fhir.hl7.org.uk/STU3/ValueSet/CareConnect-AllergyExposureRoute-1"/>
      </valueReference>
     </extension>
     <extension url="version">
      <valueString value="1.0.0"/>
     </extension>
    </extension>
    <extension url="utilisedAsset">
     <extension url="type">
      <valueCode value="ValueSet"/>
     </extension>
     <extension url="reference">
      <valueReference>
       <reference value="https://fhir.hl7.org.uk/STU3/ValueSet/CareConnect-ConditionCategory-1"/>
      </valueReference>
     </extension>
     <extension url="version">
      <valueString value="1.0.0"/>
     </extension>
    </extension>
    <extension url="utilisedAsset">
     <extension url="type">
      <valueCode value="ValueSet"/>
     </extension>
     <extension url="reference">
      <valueReference>
       <reference value="https://fhir.hl7.org.uk/STU3/ValueSet/CareConnect-ConditionEpisodicity-1"/>
      </valueReference>
     </extension>
     <extension url="version">
      <valueString value="1.0.0"/>
     </extension>
    </extension>
    <extension url="utilisedAsset">
     <extension url="type">
      <valueCode value="ValueSet"/>
     </extension>
     <extension url="reference">
      <valueReference>
       <reference value="https://fhir.hl7.org.uk/STU3/ValueSet/CareConnect-ConditionRelationship-1"/>
      </valueReference>
     </extension>
     <extension url="version">
      <valueString value="1.0.0"/>
     </extension>
    </extension>
    <extension url="utilisedAsset">
     <extension url="type">
      <valueCode value="ValueSet"/>
     </extension>
     <extension url="reference">
      <valueReference>
       <reference value="https://fhir.hl7.org.uk/STU3/ValueSet/CareConnect-DischargeDestination-1"/>
      </valueReference>
     </extension>
     <extension url="version">
      <valueString value="1.0.0"/>
     </extension>
    </extension>
    <extension url="utilisedAsset">
     <extension url="type">
      <valueCode value="ValueSet"/>
     </extension>
     <extension url="reference">
      <valueReference>
       <reference value="https://fhir.hl7.org.uk/STU3/ValueSet/CareConnect-EncounterType-1"/>
      </valueReference>
     </extension>
     <extension url="version">
      <valueString value="1.0.0"/>
     </extension>
    </extension>
    <extension url="utilisedAsset">
     <extension url="type">
      <valueCode value="ValueSet"/>
     </extension>
     <extension url="reference">
      <valueReference>
       <reference value="https://fhir.hl7.org.uk/STU3/ValueSet/CareConnect-MedicationDosageMethod-1"/>
      </valueReference>
     </extension>
     <extension url="version">
      <valueString value="3.0.1"/>
     </extension>
    </extension>
    <extension url="utilisedAsset">
     <extension url="type">
      <valueCode value="ValueSet"/>
     </extension>
     <extension url="reference">
      <valueReference>
       <reference value="https://fhir.hl7.org.uk/STU3/ValueSet/CareConnect-MaritalStatus-1"/>
      </valueReference>
     </extension>
     <extension url="version">
      <valueString value="3.0.1"/>
     </extension>
    </extension>
    <extension url="utilisedAsset">
     <extension url="type">
      <valueCode value="ValueSet"/>
     </extension>
     <extension url="reference">
      <valueReference>
       <reference value="https://fhir.hl7.org.uk/STU3/ValueSet/CareConnect-ManufacturedMaterialSnCT-1"/>
      </valueReference>
     </extension>
     <extension url="version">
      <valueString value="3.0.1"/>
     </extension>
    </extension>
    <extension url="utilisedAsset">
     <extension url="type">
      <valueCode value="ValueSet"/>
     </extension>
     <extension url="reference">
      <valueReference>
       <reference value="https://fhir.hl7.org.uk/STU3/ValueSet/CareConnect-MedicationDosageRoute-1"/>
      </valueReference>
     </extension>
     <extension url="version">
      <valueString value="1.0.0"/>
     </extension>
    </extension>
    <extension url="utilisedAsset">
     <extension url="type">
      <valueCode value="ValueSet"/>
     </extension>
     <extension url="reference">
      <valueReference>
       <reference value="https://fhir.hl7.org.uk/STU3/ValueSet/CareConnect-NameUse-1"/>
      </valueReference>
     </extension>
     <extension url="version">
      <valueString value="3.0.1"/>
     </extension>
    </extension>
    <extension url="utilisedAsset">
     <extension url="type">
      <valueCode value="ValueSet"/>
     </extension>
     <extension url="reference">
      <valueReference>
       <reference value="https://fhir.hl7.org.uk/STU3/ValueSet/CareConnect-SDSJobRoleName-1"/>
      </valueReference>
     </extension>
     <extension url="version">
      <valueString value="1.0.0"/>
     </extension>
    </extension>
    <extension url="utilisedAsset">
     <extension url="type">
      <valueCode value="ValueSet"/>
     </extension>
     <extension url="reference">
      <valueReference>
       <reference value="https://fhir.hl7.org.uk/STU3/ValueSet/CareConnect-SourceOfAdmission-1"/>
      </valueReference>
     </extension>
     <extension url="version">
      <valueString value="1.0.0"/>
     </extension>
    </extension>
    <extension url="utilisedAsset">
     <extension url="type">
      <valueCode value="ValueSet"/>
     </extension>
     <extension url="reference">
      <valueReference>
       <reference value="http://hl7.org/fhir/ValueSet/c80-practice-codes"/>
      </valueReference>
     </extension>
     <extension url="version">
      <valueString value="3.0.1"/>
     </extension>
    </extension>
    <extension url="utilisedAsset">
     <extension url="type">
      <valueCode value="ValueSet"/>
     </extension>
     <extension url="reference">
      <valueReference>
       <reference value="http://hl7.org/fhir/ValueSet/condition-code"/>
      </valueReference>
     </extension>
     <extension url="version">
      <valueString value="3.0.1"/>
     </extension>
    </extension>
    <extension url="utilisedAsset">
     <extension url="type">
      <valueCode value="ValueSet"/>
     </extension>
     <extension url="reference">
      <valueReference>
       <reference value="http://hl7.org/fhir/ValueSet/condition-clinical"/>
      </valueReference>
     </extension>
     <extension url="version">
      <valueString value="3.0.1"/>
     </extension>
    </extension>
    <extension url="utilisedAsset">
     <extension url="type">
      <valueCode value="ValueSet"/>
     </extension>
     <extension url="reference">
      <valueReference>
       <reference value="http://hl7.org/fhir/ValueSet/condition-stage"/>
      </valueReference>
     </extension>
     <extension url="version">
      <valueString value="3.0.1"/>
     </extension>
    </extension>
    <extension url="utilisedAsset">
     <extension url="type">
      <valueCode value="ValueSet"/>
     </extension>
     <extension url="reference">
      <valueReference>
       <reference value="http://hl7.org/fhir/ValueSet/condition-ver-status"/>
      </valueReference>
     </extension>
     <extension url="version">
      <valueString value="3.0.1"/>
     </extension>
    </extension>
    <extension url="utilisedAsset">
     <extension url="type">
      <valueCode value="ValueSet"/>
     </extension>
     <extension url="reference">
      <valueReference>
       <reference value="http://hl7.org/fhir/ValueSet/condition-severity"/>
      </valueReference>
     </extension>
     <extension url="version">
      <valueString value="3.0.1"/>
     </extension>
    </extension>
    <extension url="utilisedAsset">
     <extension url="type">
      <valueCode value="ValueSet"/>
     </extension>
     <extension url="reference">
      <valueReference>
       <reference value="http://hl7.org/fhir/ValueSet/composition-status"/>
      </valueReference>
     </extension>
     <extension url="version">
      <valueString value="3.0.1"/>
     </extension>
    </extension>
    <extension url="utilisedAsset">
     <extension url="type">
      <valueCode value="ValueSet"/>
     </extension>
     <extension url="reference">
      <valueReference>
       <reference value="http://hl7.org/fhir/ValueSet/composition-attestation-mode"/>
      </valueReference>
     </extension>
     <extension url="version">
      <valueString value="3.0.1"/>
     </extension>
    </extension>
    <extension url="utilisedAsset">
     <extension url="type">
      <valueCode value="ValueSet"/>
     </extension>
     <extension url="reference">
      <valueReference>
       <reference value="http://hl7.org/fhir/ValueSet/organization-type"/>
      </valueReference>
     </extension>
     <extension url="version">
      <valueString value="3.0.1"/>
     </extension>
    </extension>
    <extension url="utilisedAsset">
     <extension url="type">
      <valueCode value="ValueSet"/>
     </extension>
     <extension url="reference">
      <valueReference>
       <reference value="http://hl7.org/fhir/ValueSet/v2-0131"/>
      </valueReference>
     </extension>
     <extension url="version">
      <valueString value="3.0.1"/>
     </extension>
    </extension>
    <extension url="utilisedAsset">
     <extension url="type">
      <valueCode value="ValueSet"/>
     </extension>
     <extension url="reference">
      <valueReference>
       <reference value="http://hl7.org/fhir/ValueSet/v2-0116"/>
      </valueReference>
     </extension>
     <extension url="version">
      <valueString value="3.0.1"/>
     </extension>
    </extension>
    <extension url="utilisedAsset">
     <extension url="type">
      <valueCode value="ValueSet"/>
     </extension>
     <extension url="reference">
      <valueReference>
       <reference value="http://hl7.org/fhir/ValueSet/v2-2.7-0360"/>
      </valueReference>
     </extension>
     <extension url="version">
      <valueString value="3.0.1"/>
     </extension>
    </extension>
    <extension url="utilisedAsset">
     <extension url="type">
      <valueCode value="ValueSet"/>
     </extension>
     <extension url="reference">
      <valueReference>
       <reference value="http://hl7.org/fhir/ValueSet/v3-ConfidentialityClassification"/>
      </valueReference>
     </extension>
     <extension url="version">
      <valueString value="3.0.1"/>
     </extension>
    </extension>
    <extension url="utilisedAsset">
     <extension url="type">
      <valueCode value="ValueSet"/>
     </extension>
     <extension url="reference">
      <valueReference>
       <reference value="http://hl7.org/fhir/ValueSet/v3-ServiceDeliveryLocationRoleType"/>
      </valueReference>
     </extension>
     <extension url="version">
      <valueString value="3.0.1"/>
     </extension>
    </extension>
    <extension url="utilisedAsset">
     <extension url="type">
      <valueCode value="ValueSet"/>
     </extension>
     <extension url="reference">
      <valueReference>
       <reference value="http://hl7.org/fhir/ValueSet/contactentity-type"/>
      </valueReference>
     </extension>
     <extension url="version">
      <valueString value="3.0.1"/>
     </extension>
    </extension>
    <extension url="utilisedAsset">
     <extension url="type">
      <valueCode value="ValueSet"/>
     </extension>
     <extension url="reference">
      <valueReference>
       <reference value="http://hl7.org/fhir/ValueSet/contact-point-system"/>
      </valueReference>
     </extension>
     <extension url="version">
      <valueString value="3.0.1"/>
     </extension>
    </extension>
    <extension url="utilisedAsset">
     <extension url="type">
      <valueCode value="ValueSet"/>
     </extension>
     <extension url="reference">
      <valueReference>
       <reference value="http://hl7.org/fhir/ValueSet/contact-point-use"/>
      </valueReference>
     </extension>
     <extension url="version">
      <valueString value="3.0.1"/>
     </extension>
    </extension>
    <extension url="utilisedAsset">
     <extension url="type">
      <valueCode value="ValueSet"/>
     </extension>
     <extension url="reference">
      <valueReference>
       <reference value="http://hl7.org/fhir/ValueSet/days-of-week"/>
      </valueReference>
     </extension>
     <extension url="version">
      <valueString value="3.0.1"/>
     </extension>
    </extension>
    <extension url="utilisedAsset">
     <extension url="type">
      <valueCode value="ValueSet"/>
     </extension>
     <extension url="reference">
      <valueReference>
       <reference value="http://hl7.org/fhir/ValueSet/device-action"/>
      </valueReference>
     </extension>
     <extension url="version">
      <valueString value="3.0.1"/>
     </extension>
    </extension>
    <extension url="utilisedAsset">
     <extension url="type">
      <valueCode value="ValueSet"/>
     </extension>
     <extension url="reference">
      <valueReference>
       <reference value="http://hl7.org/fhir/ValueSet/device-kind"/>
      </valueReference>
     </extension>
     <extension url="version">
      <valueString value="3.0.1"/>
     </extension>
    </extension>
    <extension url="utilisedAsset">
     <extension url="type">
      <valueCode value="ValueSet"/>
     </extension>
     <extension url="reference">
      <valueReference>
       <reference value="http://hl7.org/fhir/ValueSet/diagnosis-role"/>
      </valueReference>
     </extension>
     <extension url="version">
      <valueString value="3.0.1"/>
     </extension>
    </extension>
    <extension url="utilisedAsset">
     <extension url="type">
      <valueCode value="ValueSet"/>
     </extension>
     <extension url="reference">
      <valueReference>
       <reference value="https://fhir.nhs.uk/STU3/ValueSet/DeviceType-1"/>
      </valueReference>
     </extension>
     <extension url="version">
      <valueString value="3.0.1"/>
     </extension>
    </extension>
    <extension url="utilisedAsset">
     <extension url="type">
      <valueCode value="ValueSet"/>
     </extension>
     <extension url="reference">
      <valueReference>
       <reference value="http://hl7.org/fhir/ValueSet/doc-classcodes"/>
      </valueReference>
     </extension>
     <extension url="version">
      <valueString value="3.0.1"/>
     </extension>
    </extension>
    <extension url="utilisedAsset">
     <extension url="type">
      <valueCode value="ValueSet"/>
     </extension>
     <extension url="reference">
      <valueReference>
       <reference value="http://hl7.org/fhir/ValueSet/document-relationship-type"/>
      </valueReference>
     </extension>
     <extension url="version">
      <valueString value="3.0.1"/>
     </extension>
    </extension>
    <extension url="utilisedAsset">
     <extension url="type">
      <valueCode value="ValueSet"/>
     </extension>
     <extension url="reference">
      <valueReference>
       <reference value="https://fhir.nhs.uk/STU3/ValueSet/DocumentType-1"/>
      </valueReference>
     </extension>
     <extension url="version">
      <valueString value="1.0.0"/>
     </extension>
    </extension>
    <extension url="utilisedAsset">
     <extension url="type">
      <valueCode value="ValueSet"/>
     </extension>
     <extension url="reference">
      <valueReference>
       <reference value="http://hl7.org/fhir/ValueSet/doc-section-codes"/>
      </valueReference>
     </extension>
     <extension url="version">
      <valueString value="3.0.1"/>
     </extension>
    </extension>
    <extension url="utilisedAsset">
     <extension url="type">
      <valueCode value="ValueSet"/>
     </extension>
     <extension url="reference">
      <valueReference>
       <reference value="http://hl7.org/fhir/ValueSet/encounter-admit-source"/>
      </valueReference>
     </extension>
     <extension url="version">
      <valueString value="3.0.1"/>
     </extension>
    </extension>
    <extension url="utilisedAsset">
     <extension url="type">
      <valueCode value="ValueSet"/>
     </extension>
     <extension url="reference">
      <valueReference>
       <reference value="http://hl7.org/fhir/ValueSet/encounter-diet"/>
      </valueReference>
     </extension>
     <extension url="version">
      <valueString value="3.0.1"/>
     </extension>
    </extension>
    <extension url="utilisedAsset">
     <extension url="type">
      <valueCode value="ValueSet"/>
     </extension>
     <extension url="reference">
      <valueReference>
       <reference value="http://hl7.org/fhir/ValueSet/encounter-discharge-disposition"/>
      </valueReference>
     </extension>
     <extension url="version">
      <valueString value="3.0.1"/>
     </extension>
    </extension>
    <extension url="utilisedAsset">
     <extension url="type">
      <valueCode value="ValueSet"/>
     </extension>
     <extension url="reference">
      <valueReference>
       <reference value="http://hl7.org/fhir/ValueSet/encounter-location-status"/>
      </valueReference>
     </extension>
     <extension url="version">
      <valueString value="3.0.1"/>
     </extension>
    </extension>
    <extension url="utilisedAsset">
     <extension url="type">
      <valueCode value="ValueSet"/>
     </extension>
     <extension url="reference">
      <valueReference>
       <reference value="http://hl7.org/fhir/ValueSet/encounter-reason"/>
      </valueReference>
     </extension>
     <extension url="version">
      <valueString value="3.0.1"/>
     </extension>
    </extension>
    <extension url="utilisedAsset">
     <extension url="type">
      <valueCode value="ValueSet"/>
     </extension>
     <extension url="reference">
      <valueReference>
       <reference value="http://hl7.org/fhir/ValueSet/encounter-special-arrangements"/>
      </valueReference>
     </extension>
     <extension url="version">
      <valueString value="3.0.1"/>
     </extension>
    </extension>
    <extension url="utilisedAsset">
     <extension url="type">
      <valueCode value="ValueSet"/>
     </extension>
     <extension url="reference">
      <valueReference>
       <reference value="http://hl7.org/fhir/ValueSet/encounter-special-courtesy"/>
      </valueReference>
     </extension>
     <extension url="version">
      <valueString value="3.0.1"/>
     </extension>
    </extension>
    <extension url="utilisedAsset">
     <extension url="type">
      <valueCode value="ValueSet"/>
     </extension>
     <extension url="reference">
      <valueReference>
       <reference value="http://hl7.org/fhir/ValueSet/encounter-status"/>
      </valueReference>
     </extension>
     <extension url="version">
      <valueString value="3.0.1"/>
     </extension>
    </extension>
    <extension url="utilisedAsset">
     <extension url="type">
      <valueCode value="ValueSet"/>
     </extension>
     <extension url="reference">
      <valueReference>
       <reference value="http://hl7.org/fhir/ValueSet/encounter-participant-type"/>
      </valueReference>
     </extension>
     <extension url="version">
      <valueString value="3.0.1"/>
     </extension>
    </extension>
    <extension url="utilisedAsset">
     <extension url="type">
      <valueCode value="ValueSet"/>
     </extension>
     <extension url="reference">
      <valueReference>
       <reference value="http://hl7.org/fhir/ValueSet/encounter-type"/>
      </valueReference>
     </extension>
     <extension url="version">
      <valueString value="3.0.1"/>
     </extension>
    </extension>
    <extension url="utilisedAsset">
     <extension url="type">
      <valueCode value="ValueSet"/>
     </extension>
     <extension url="reference">
      <valueReference>
       <reference value="http://hl7.org/fhir/ValueSet/event-status"/>
      </valueReference>
     </extension>
     <extension url="version">
      <valueString value="3.0.1"/>
     </extension>
    </extension>
    <extension url="utilisedAsset">
     <extension url="type">
      <valueCode value="ValueSet"/>
     </extension>
     <extension url="reference">
      <valueReference>
       <reference value="http://hl7.org/fhir/ValueSet/event-timing"/>
      </valueReference>
     </extension>
     <extension url="version">
      <valueString value="3.0.1"/>
     </extension>
    </extension>
    <extension url="utilisedAsset">
     <extension url="type">
      <valueCode value="ValueSet"/>
     </extension>
     <extension url="reference">
      <valueReference>
       <reference value="http://hl7.org/fhir/ValueSet/http-verb"/>
      </valueReference>
     </extension>
     <extension url="version">
      <valueString value="3.0.1"/>
     </extension>
    </extension>
    <extension url="utilisedAsset">
     <extension url="type">
      <valueCode value="ValueSet"/>
     </extension>
     <extension url="reference">
      <valueReference>
       <reference value="http://hl7.org/fhir/ValueSet/identifier-use"/>
      </valueReference>
     </extension>
     <extension url="version">
      <valueString value="3.0.1"/>
     </extension>
    </extension>
    <extension url="utilisedAsset">
     <extension url="type">
      <valueCode value="ValueSet"/>
     </extension>
     <extension url="reference">
      <valueReference>
       <reference value="http://hl7.org/fhir/ValueSet/identifier-type"/>
      </valueReference>
     </extension>
     <extension url="version">
      <valueString value="3.0.1"/>
     </extension>
    </extension>
    <extension url="utilisedAsset">
     <extension url="type">
      <valueCode value="ValueSet"/>
     </extension>
     <extension url="reference">
      <valueReference>
       <reference value="http://hl7.org/fhir/ValueSet/languages"/>
      </valueReference>
     </extension>
     <extension url="version">
      <valueString value="3.0.1"/>
     </extension>
    </extension>
    <extension url="utilisedAsset">
     <extension url="type">
      <valueCode value="ValueSet"/>
     </extension>
     <extension url="reference">
      <valueReference>
       <reference value="http://hl7.org/fhir/ValueSet/link-type"/>
      </valueReference>
     </extension>
     <extension url="version">
      <valueString value="3.0.1"/>
     </extension>
    </extension>
    <extension url="utilisedAsset">
     <extension url="type">
      <valueCode value="ValueSet"/>
     </extension>
     <extension url="reference">
      <valueReference>
       <reference value="http://hl7.org/fhir/ValueSet/list-empty-reason"/>
      </valueReference>
     </extension>
     <extension url="version">
      <valueString value="3.0.1"/>
     </extension>
    </extension>
    <extension url="utilisedAsset">
     <extension url="type">
      <valueCode value="ValueSet"/>
     </extension>
     <extension url="reference">
      <valueReference>
       <reference value="http://hl7.org/fhir/ValueSet/list-mode"/>
      </valueReference>
     </extension>
     <extension url="version">
      <valueString value="3.0.1"/>
     </extension>
    </extension>
    <extension url="utilisedAsset">
     <extension url="type">
      <valueCode value="ValueSet"/>
     </extension>
     <extension url="reference">
      <valueReference>
       <reference value="http://hl7.org/fhir/ValueSet/list-order"/>
      </valueReference>
     </extension>
     <extension url="version">
      <valueString value="3.0.1"/>
     </extension>
    </extension>
    <extension url="utilisedAsset">
     <extension url="type">
      <valueCode value="ValueSet"/>
     </extension>
     <extension url="reference">
      <valueReference>
       <reference value="http://hl7.org/fhir/ValueSet/list-item-flag"/>
      </valueReference>
     </extension>
     <extension url="version">
      <valueString value="3.0.1"/>
     </extension>
    </extension>
    <extension url="utilisedAsset">
     <extension url="type">
      <valueCode value="ValueSet"/>
     </extension>
     <extension url="reference">
      <valueReference>
       <reference value="http://hl7.org/fhir/ValueSet/location-mode"/>
      </valueReference>
     </extension>
     <extension url="version">
      <valueString value="3.0.1"/>
     </extension>
    </extension>
    <extension url="utilisedAsset">
     <extension url="type">
      <valueCode value="ValueSet"/>
     </extension>
     <extension url="reference">
      <valueReference>
       <reference value="http://hl7.org/fhir/ValueSet/location-status"/>
      </valueReference>
     </extension>
     <extension url="version">
      <valueString value="3.0.1"/>
     </extension>
    </extension>
    <extension url="utilisedAsset">
     <extension url="type">
      <valueCode value="ValueSet"/>
     </extension>
     <extension url="reference">
      <valueReference>
       <reference value="http://hl7.org/fhir/ValueSet/location-physical-type"/>
      </valueReference>
     </extension>
     <extension url="version">
      <valueString value="3.0.1"/>
     </extension>
    </extension>
    <extension url="utilisedAsset">
     <extension url="type">
      <valueCode value="ValueSet"/>
     </extension>
     <extension url="reference">
      <valueReference>
       <reference value="http://hl7.org/fhir/ValueSet/manifestation-or-symptom"/>
      </valueReference>
     </extension>
     <extension url="version">
      <valueString value="3.0.1"/>
     </extension>
    </extension>
    <extension url="utilisedAsset">
     <extension url="type">
      <valueCode value="ValueSet"/>
     </extension>
     <extension url="reference">
      <valueReference>
       <reference value="http://hl7.org/fhir/ValueSet/medication-as-needed-reason"/>
      </valueReference>
     </extension>
     <extension url="version">
      <valueString value="3.0.1"/>
     </extension>
    </extension>
    <extension url="utilisedAsset">
     <extension url="type">
      <valueCode value="ValueSet"/>
     </extension>
     <extension url="reference">
      <valueReference>
       <reference value="http://hl7.org/fhir/ValueSet/medication-statement-category"/>
      </valueReference>
     </extension>
     <extension url="version">
      <valueString value="3.0.1"/>
     </extension>
    </extension>
    <extension url="utilisedAsset">
     <extension url="type">
      <valueCode value="ValueSet"/>
     </extension>
     <extension url="reference">
      <valueReference>
       <reference value="http://hl7.org/fhir/ValueSet/medication-statement-status"/>
      </valueReference>
     </extension>
     <extension url="version">
      <valueString value="3.0.1"/>
     </extension>
    </extension>
    <extension url="utilisedAsset">
     <extension url="type">
      <valueCode value="ValueSet"/>
     </extension>
     <extension url="reference">
      <valueReference>
       <reference value="http://hl7.org/fhir/ValueSet/medication-statement-taken"/>
      </valueReference>
     </extension>
     <extension url="version">
      <valueString value="3.0.1"/>
     </extension>
    </extension>
    <extension url="utilisedAsset">
     <extension url="type">
      <valueCode value="ValueSet"/>
     </extension>
     <extension url="reference">
      <valueReference>
       <reference value="http://hl7.org/fhir/ValueSet/name-use"/>
      </valueReference>
     </extension>
     <extension url="version">
      <valueString value="3.0.1"/>
     </extension>
    </extension>
    <extension url="utilisedAsset">
     <extension url="type">
      <valueCode value="ValueSet"/>
     </extension>
     <extension url="reference">
      <valueReference>
       <reference value="http://hl7.org/fhir/ValueSet/performer-role"/>
      </valueReference>
     </extension>
     <extension url="version">
      <valueString value="3.0.1"/>
     </extension>
    </extension>
    <extension url="utilisedAsset">
     <extension url="type">
      <valueCode value="ValueSet"/>
     </extension>
     <extension url="reference">
      <valueReference>
       <reference value="http://hl7.org/fhir/ValueSet/procedure-category"/>
      </valueReference>
     </extension>
     <extension url="version">
      <valueString value="3.0.1"/>
     </extension>
    </extension>
    <extension url="utilisedAsset">
     <extension url="type">
      <valueCode value="ValueSet"/>
     </extension>
     <extension url="reference">
      <valueReference>
       <reference value="http://hl7.org/fhir/ValueSet/procedure-code"/>
      </valueReference>
     </extension>
     <extension url="version">
      <valueString value="3.0.1"/>
     </extension>
    </extension>
    <extension url="utilisedAsset">
     <extension url="type">
      <valueCode value="ValueSet"/>
     </extension>
     <extension url="reference">
      <valueReference>
       <reference value="http://hl7.org/fhir/ValueSet/procedure-followup"/>
      </valueReference>
     </extension>
     <extension url="version">
      <valueString value="3.0.1"/>
     </extension>
    </extension>
    <extension url="utilisedAsset">
     <extension url="type">
      <valueCode value="ValueSet"/>
     </extension>
     <extension url="reference">
      <valueReference>
       <reference value="http://hl7.org/fhir/ValueSet/procedure-outcome"/>
      </valueReference>
     </extension>
     <extension url="version">
      <valueString value="3.0.1"/>
     </extension>
    </extension>
    <extension url="utilisedAsset">
     <extension url="type">
      <valueCode value="ValueSet"/>
     </extension>
     <extension url="reference">
      <valueReference>
       <reference value="http://hl7.org/fhir/ValueSet/procedure-not-performed-reason"/>
      </valueReference>
     </extension>
     <extension url="version">
      <valueString value="3.0.1"/>
     </extension>
    </extension>
    <extension url="utilisedAsset">
     <extension url="type">
      <valueCode value="ValueSet"/>
     </extension>
     <extension url="reference">
      <valueReference>
       <reference value="http://hl7.org/fhir/ValueSet/procedure-reason"/>
      </valueReference>
     </extension>
     <extension url="version">
      <valueString value="3.0.1"/>
     </extension>
    </extension>
    <extension url="utilisedAsset">
     <extension url="type">
      <valueCode value="ValueSet"/>
     </extension>
     <extension url="reference">
      <valueReference>
       <reference value="http://hl7.org/fhir/ValueSet/reason-medication-not-taken-codes"/>
      </valueReference>
     </extension>
     <extension url="version">
      <valueString value="3.0.1"/>
     </extension>
    </extension>
    <extension url="utilisedAsset">
     <extension url="type">
      <valueCode value="ValueSet"/>
     </extension>
     <extension url="reference">
      <valueReference>
       <reference value="http://hl7.org/fhir/ValueSet/reaction-event-severity"/>
      </valueReference>
     </extension>
     <extension url="version">
      <valueString value="3.0.1"/>
     </extension>
    </extension>
    <extension url="utilisedAsset">
     <extension url="type">
      <valueCode value="ValueSet"/>
     </extension>
     <extension url="reference">
      <valueReference>
       <reference value="http://hl7.org/fhir/ValueSet/route-codes"/>
      </valueReference>
     </extension>
     <extension url="version">
      <valueString value="3.0.1"/>
     </extension>
    </extension>
    <extension url="utilisedAsset">
     <extension url="type">
      <valueCode value="ValueSet"/>
     </extension>
     <extension url="reference">
      <valueReference>
       <reference value="http://hl7.org/fhir/ValueSet/narrative-status"/>
      </valueReference>
     </extension>
     <extension url="version">
      <valueString value="3.0.1"/>
     </extension>
    </extension>
    <extension url="utilisedAsset">
     <extension url="type">
      <valueCode value="ValueSet"/>
     </extension>
     <extension url="reference">
      <valueReference>
       <reference value="http://hl7.org/fhir/ValueSet/quantity-comparator"/>
      </valueReference>
     </extension>
     <extension url="version">
      <valueString value="3.0.1"/>
     </extension>
    </extension>
    <extension url="utilisedAsset">
     <extension url="type">
      <valueCode value="ValueSet"/>
     </extension>
     <extension url="reference">
      <valueReference>
       <reference value="http://hl7.org/fhir/ValueSet/relatedperson-relationshiptype"/>
      </valueReference>
     </extension>
     <extension url="version">
      <valueString value="3.0.1"/>
     </extension>
    </extension>
    <extension url="utilisedAsset">
     <extension url="type">
      <valueCode value="ValueSet"/>
     </extension>
     <extension url="reference">
      <valueReference>
       <reference value="http://hl7.org/fhir/ValueSet/search-entry-mode"/>
      </valueReference>
     </extension>
     <extension url="version">
      <valueString value="3.0.1"/>
     </extension>
    </extension>
    <extension url="utilisedAsset">
     <extension url="type">
      <valueCode value="ValueSet"/>
     </extension>
     <extension url="reference">
      <valueReference>
       <reference value="http://hl7.org/fhir/ValueSet/signature-type"/>
      </valueReference>
     </extension>
     <extension url="version">
      <valueString value="3.0.1"/>
     </extension>
    </extension>
    <extension url="utilisedAsset">
     <extension url="type">
      <valueCode value="ValueSet"/>
     </extension>
     <extension url="reference">
      <valueReference>
       <reference value="http://hl7.org/fhir/ValueSet/substance-code"/>
      </valueReference>
     </extension>
     <extension url="version">
      <valueString value="3.0.1"/>
     </extension>
    </extension>
    <extension url="utilisedAsset">
     <extension url="type">
      <valueCode value="ValueSet"/>
     </extension>
     <extension url="reference">
      <valueReference>
       <reference value="http://hl7.org/fhir/ValueSet/timing-abbreviation"/>
      </valueReference>
     </extension>
     <extension url="version">
      <valueString value="3.0.1"/>
     </extension>
    </extension>
    <extension url="utilisedAsset">
     <extension url="type">
      <valueCode value="ValueSet"/>
     </extension>
     <extension url="reference">
      <valueReference>
       <reference value="http://hl7.org/fhir/ValueSet/units-of-time"/>
      </valueReference>
     </extension>
     <extension url="version">
      <valueString value="3.0.1"/>
     </extension>
    </extension>
    <extension url="utilisedAsset">
     <extension url="type">
      <valueCode value="ValueSet"/>
     </extension>
     <extension url="reference">
      <valueReference>
       <reference value="http://hl7.org/fhir/ValueSet/v2-0092"/>
      </valueReference>
     </extension>
     <extension url="version">
      <valueString value="3.0.1"/>
     </extension>
    </extension>
    <extension url="utilisedAsset">
     <extension url="type">
      <valueCode value="ValueSet"/>
     </extension>
     <extension url="reference">
      <valueReference>
       <reference value="http://hl7.org/fhir/ValueSet/v3-ActEncounterCode"/>
      </valueReference>
     </extension>
     <extension url="version">
      <valueString value="3.0.1"/>
     </extension>
    </extension>
    <extension url="utilisedAsset">
     <extension url="type">
      <valueCode value="ValueSet"/>
     </extension>
     <extension url="reference">
      <valueReference>
       <reference value="http://hl7.org/fhir/ValueSet/v3-ActPriority"/>
      </valueReference>
     </extension>
     <extension url="version">
      <valueString value="3.0.1"/>
     </extension>
    </extension>
    <extension url="utilisedAsset">
     <extension url="type">
      <valueCode value="CodeSystem"/>
     </extension>
     <extension url="reference">
      <valueReference>
       <reference value="https://fhir.hl7.org.uk/STU3/CodeSystem/CareConnect-SDSJobRoleName-1"/>
      </valueReference>
     </extension>
     <extension url="version">
      <valueString value="1.0.0"/>
     </extension>
    </extension>
    <extension url="utilisedAsset">
     <extension url="type">
      <valueCode value="CodeSystem"/>
     </extension>
     <extension url="reference">
      <valueReference>
       <reference value="https://fhir.nhs.uk/STU3/CodeSystem/ITK-MessageEvent-2"/>
      </valueReference>
     </extension>
     <extension url="version">
      <valueString value="2.3.0"/>
     </extension>
    </extension>
   </extension>
   <reference value="https://fhir.nhs.uk/STU3/StructureDefinition/ITK-Message-Bundle-1"/>
  </profile>
 </focus>
 <allowedResponse>
  <message>
   <reference value="https://fhir.nhs.uk/STU3/MessageDefinition/ITK-Response-MessageDefinition-1">
   </reference>
  </message>
 </allowedResponse>
</MessageDefinition>
