<?xml version="1.0" encoding="UTF-8"?>
<CapabilityStatement xmlns="http://hl7.org/fhir">
	<meta>
		<profile value="https://fhir.nhs.uk/STU3/StructureDefinition/NHSDigital-CapabilityStatement-1"/>
	</meta>
	<url value="https://fhir.nhs.uk/STU3/CapabilityStatement/ODSAPI-CapabilityStatement-1"/>
	<version value="1.0.0"/>
	<name value="ODSAPI-CapabilityStatement-1"/>
	<status value="active"/>
	<date value="2018-04-17"/>
	<publisher value="NHS Digital"/>
	<contact>
		<name value="Interoperability Team"/>
		<telecom>
			<system value="email"/>
			<value value="interoperabilityteam@nhs.net"/>
			<use value="work"/>
		</telecom>
	</contact>
	<description value="An API for retrieving organisation data from the NHS Digital Organisation Data Service."/>
	<copyright value="Copyright © 2017 NHS Digital"/>
	<kind value="requirements"/>
	<fhirVersion value="3.0.1"/>
	<acceptUnknown value="no"/>
	<format value="application/fhir+xml"/>
	<format value="application/fhir+json"/>
	<implementationGuide value="https://developer.nhs.uk/apis/ods/"/>
	<profile>
		<reference value="https://fhir.nhs.uk/STU3/StructureDefinition/ODSAPI-Organization-1"/>
	</profile>
	<profile>
		<reference value="https://fhir.nhs.uk/STU3/StructureDefinition/ODSAPI-ActivePeriod-1"/>
	</profile>
	<profile>
		<reference value="https://fhir.nhs.uk/STU3/StructureDefinition/Extension-ODSAPI-ActivePeriod-1"/>
	</profile>
	<profile>
		<reference value="https://fhir.nhs.uk/STU3/StructureDefinition/Extension-ODSAPI-OrganizationRole-1"/>
	</profile>
	<profile>
		<reference value="https://fhir.nhs.uk/STU3/StructureDefinition/Extension-ODSAPI-UPRN-1"/>
	</profile>
	<profile>
		<reference value="https://fhir.nhs.uk/STU3/StructureDefinition/Extension-ODSAPI-DateType-1"/>
	</profile>
	<rest>
		<mode value="server"/>
		<security>
			<cors value="true"/>
		</security>
		<resource>
			<extension url="http://hl7.org/fhir/StructureDefinition/capabilitystatement-search-parameter-combination">
				<extension url="required">
					<valueString value="ods-org-primaryRole"/>
				</extension>
				<extension url="required">
					<valueString value="ods-org-role"/>
				</extension>
			</extension>
			<type value="Organization"/>
			<profile>
				<reference value="https://fhir.nhs.uk/STU3/StructureDefinition/ODSAPI-Organization-1"/>
			</profile>
			<interaction>
				<code value="read"/>
			</interaction>
			<interaction>
				<code value="search-type"/>
			</interaction>
			<versioning value="no-version"/>
			<readHistory value="false"/>
			<updateCreate value="false"/>
			<conditionalCreate value="false"/>
			<conditionalRead value="not-supported"/>
			<conditionalUpdate value="false"/>
			<conditionalDelete value="not-supported"/>
			<searchParam>
				<name value="_id"/>
				<type value="token"/>
			</searchParam>
			<searchParam>
				<name value="_lastUpdated"/>
				<type value="date"/>
			</searchParam>
			<searchParam>
				<name value="_count"/>
				<type value="number"/>
			</searchParam>
			<searchParam>
				<name value="_summary"/>
				<type value="token"/>
			</searchParam>
			<searchParam>
				<name value="identifier"/>
				<type value="token"/>
			</searchParam>
			<searchParam>
				<name value="name"/>
				<type value="string"/>
			</searchParam>
			<searchParam>
				<name value="active"/>
				<type value="token"/>
			</searchParam>
			<searchParam>
				<name value="address-city"/>
				<type value="string"/>
			</searchParam>
			<searchParam>
				<name value="address-postalcode"/>
				<type value="string"/>
			</searchParam>
			<searchParam>
				<name value="ods-org-role"/>
				<definition value="https://fhir.nhs.uk/STU3/SearchParameter/ODSAPI-OrganizationRole-Role-1"/>
				<type value="token"/>
			</searchParam>
			<searchParam>
				<name value="ods-org-primaryRole"/>
				<definition value="https://fhir.nhs.uk/STU3/SearchParameter/ODSAPI-OrganizationRole-PrimaryRole-1"/>
				<type value="token"/>
			</searchParam>
		</resource>
		<resource>
			<type value="CodeSystem"/>
			<interaction>
				<code value="read"/>
			</interaction>
			<versioning value="no-version"/>
			<readHistory value="false"/>
			<updateCreate value="false"/>
			<conditionalCreate value="false"/>
			<conditionalRead value="not-supported"/>
			<conditionalUpdate value="false"/>
			<conditionalDelete value="not-supported"/>
			<searchParam>
				<name value="url"/>
				<type value="string"/>
				<documentation value="The logical URL for the CodeSystem"/>
			</searchParam>
		</resource>
	</rest>
</CapabilityStatement>
