<?xml version="1.0"?>
<Bundle xmlns="http://hl7.org/fhir">
  <type value="searchset"/>
  <entry>
    <resource>
      <Composition xmlns="http://hl7.org/fhir">
        <meta>
          <profile value="http://fhir.nhs.net/StructureDefinition/gpconnect-carerecord-composition-1"/>
        </meta>
        <date value= "__TIMESTAMP__"/>
        <type>
          <coding>
            <system value="valueSet"/>
            <code value="425173008"/>
            <display value="record extract (record artifact)"/>
          </coding>
          <text value="record extract (record artifact)"/>
        </type>
        <title value="Patient Care Record"/>
        <status value="final"/>
        <subject>
          <reference value="Patient/13"/>
        </subject>
        <author>
          <reference value="Practitioner/3"/>
        </author>
        <section>
          <title value="Referrals"/>
          <code>
            <coding>
              <system value="http://fhir.nhs.net/ValueSet/gpconnect-record-section-1"/>
              <code value="REF"/>
              <display value="Referrals"/>
            </coding>
            <text value="Referrals"/>
          </code>
          <text>
            <status value="generated"/>
            <div xmlns="http://www.w3.org/1999/xhtml">
              <div>
                <h2>Referrals</h2>
                <div>
                  <p>All relevant items</p>
                </div>
                <div>
                  <table>
                    <thead>
                      <tr>
                        <th>Date</th>
                        <th>From</th>
                        <th>To</th>
                        <th>Priority</th>
                        <th>Details</th>
                      </tr>
                    </thead>
                    <tbody>
                      <tr>
                        <td>2016-07-01 00:00:01.0</td>
                        <td>Dr Johnson &amp; Partners</td>
                        <td>Leeds District Nurses</td>
                        <td>Routine</td>
                        <td>Referral to local authority weight management programme<br/>Waiting For Information</td>
                      </tr>
                    </tbody>
                  </table>
                </div>
              </div>
            </div>
          </text>
        </section>
      </Composition>
    </resource>
  </entry>
  <entry>
    <fullUrl value="Practitioner/3"/>
    <resource>
      <Practitioner xmlns="http://hl7.org/fhir">
        <id value="3"/>
        <meta>
          <versionId value="1469448000000"/>
          <lastUpdated value="2016-07-25T12:00:00.000+00:00"/>
          <profile value="https://fhir.nhs.uk/StructureDefinition/CareConnect-GPC-Practitioner-1"/>
        </meta>
        <identifier>
          <system value="https://fhir.nhs.uk/Id/sds-user-id"/>
          <value value="G11111116"/>
        </identifier>
        <identifier>
          <system value="https://fhir.nhs.uk/Id/sds-role-profile-id"/>
          <value value="PT1234"/>
        </identifier>
        <name>
          <use value="usual"/>
          <family value="Parsons"/>
          <given value="Melissa"/>
          <prefix value="Mrs"/>
        </name>
        <gender value="female"/>
        <practitionerRole>
          <managingOrganization>
            <reference value="Organization/2"/>
          </managingOrganization>
          <role>
            <coding>
              <system value="https://fhir.hl7.org.uk/ValueSet/CareConnect-SDSJobRoleName-1"/>
              <code value="R0042"/>
              <display value="paediatrician"/>
            </coding>
          </role>
        </practitionerRole>
        <communication>
          <coding>
            <system value="http://fhir.nhs.net/ValueSet/human-language-1"/>
            <code value="de"/>
            <display value="German"/>
          </coding>
        </communication>
      </Practitioner>
    </resource>
  </entry>
  <entry>
    <fullUrl value="Organization/2"/>
    <resource>
      <Organization xmlns="http://hl7.org/fhir">
        <id value="2"/>
        <meta>
          <versionId value="1469448000000"/>
          <lastUpdated value="2016-07-25T12:00:00.000+00:00"/>
          <profile value="https://fhir.nhs.uk/StructureDefinition/CareConnect-GPC-Organization-1"/>
        </meta>
        <identifier>
          <system value="https://fhir.nhs.uk/Id/ods-organization-code"/>
          <value value="R1A14"/>
        </identifier>
        <type>
          <coding>
            <system value="http://hl7.org/fhir/ValueSet/organization-type"/>
            <code value="dept"/>
            <display value="Hospital Department"/>
          </coding>
        </type>
        <name value="Test GP Care Trust"/>
        <telecom>
          <system value="phone"/>
          <use value="work"/>
        </telecom>
        <address>
          <use value="work"/>
          <type value="physical"/>
        </address>
        <contact>
          <purpose>
            <coding>
              <system value="http://hl7.org/fhir/ValueSet/contactentity-type"/>
              <code value="ADMIN"/>
            </coding>
          </purpose>
          <name>
            <use value="usual"/>
            <family value="FamilyName"/>
          </name>
          <telecom>
            <system value="phone"/>
            <use value="work"/>
          </telecom>
          <address>
            <use value="work"/>
            <type value="physical"/>
          </address>
        </contact>
      </Organization>
    </resource>
  </entry>
  <entry>
    <fullUrl value="Patient/13"/>
    <resource>
      <Patient xmlns="http://hl7.org/fhir">
        <id value="13"/>
        <meta>
          <versionId value="1469448000000"/>
          <lastUpdated value="2016-07-25T12:00:00.000+00:00"/>
          <profile value="https://fhir.nhs.uk/StructureDefinition/CareConnect-GPC-Patient-1"/>
        </meta>
        <identifier>
          <extension url="https://fhir.nhs.uk/StructureDefinition/Extension-CareConnect-GPC-NHSNumberVerificationStatus-1">
            <valueCodeableConcept>
              <coding>
                <system value="https://fhir.nhs.uk/CareConnect-NHSNumberVerificationStatus-1"/>
                <code value="01"/>
                <display value="Number present and verified"/>
              </coding>
            </valueCodeableConcept>
          </extension>
          <system value="https://fhir.nhs.uk/Id/nhs-number"/>
          <value value="__PATIENT_13__"/>
        </identifier>
        <active value="true"/>
        <name>
          <use value="usual"/>
          <text value="Jeremy SHAIN"/>
          <family value="SHAIN"/>
          <given value="Jeremy"/>
          <prefix value="MR"/>
        </name>
        <telecom>
          <system value="phone"/>
          <value value="01454587554"/>
          <use value="home"/>
        </telecom>
        <gender value="male"/>
        <birthDate value="1928-02-06"/>
        <address>
          <use value="home"/>
          <type value="physical"/>
          <text value="24 HIGH STREET, HAXEY, DONCASTER, DN9 2HH"/>
        </address>
        <maritalStatus>
          <coding>
            <system value="https://fhir.nhs.uk/ValueSet/CareConnect-MaritalStatus-1"/>
            <code value="S"/>
            <display value="Married"/>
          </coding>
        </maritalStatus>
        <multipleBirthBoolean value="false"/>
        <careProvider>
          <reference value="Practitioner/3"/>
          <display value="Mrs Melissa Parsons"/>
        </careProvider>
        <managingOrganization>
          <reference value="Organization/1"/>
        </managingOrganization>
      </Patient>
    </resource>
  </entry>
</Bundle>
