<OperationDefinition xmlns="http://hl7.org/fhir">
	<meta>
		<lastUpdated value="2016-09-22T00:00:00+01:00"/>
	</meta>
	<url value="https://fhir.nhs.uk/STU3/OperationDefinition/eRS-PatientServiceSearch-Operation-1"/>
	<version value="1.0.0"/>
	<name value="eRS-PatientServiceSearch-Operation-1"/>
	<status value="active"/>
	<kind value="operation"/>
	<date value="2016-09-22T00:00:00+01:00"/>
	<publisher value="NHS Digital"/>
	<contact>
		<name value="Interoperability Team"/>
		<telecom>
			<system value="email"/>
			<value value="interoperabilityteam@nhs.net"/>
			<use value="work"/>
		</telecom>
	</contact>
	<description value="Request to retrieve a healthcare service using patient specific details."/>
	<code value="ers.PatientServiceSearch"/>
	<system value="false"/>
	<type value="true"/>
	<instance value="false"/>
	<parameter>
		<name value="patientNhsNumber"/>
		<use value="in"/>
		<min value="1"/>
		<max value="1"/>
		<documentation value="Patient NHS number."/>
		<type value="string"/>
	</parameter>
	<parameter>
		<name value="requestType"/>
		<use value="in"/>
		<min value="1"/>
		<max value="1"/>
		<documentation value="Request Type"/>
		<type value="CodeableConcept"/>
		<binding>
			<strength value="required"/>
			<valueSetReference>
				<reference value="https://fhir.nhs.uk/STU3/ValueSet/eRS-RequestType-1"/>
			</valueSetReference>
		</binding>
	</parameter>
	<parameter>
		<name value="priority"/>
		<use value="in"/>
		<min value="1"/>
		<max value="1"/>
		<documentation value="Priority"/>
		<type value="CodeableConcept"/>
		<binding>
			<strength value="required"/>
			<valueSetReference>
				<reference value="https://fhir.nhs.uk/STU3/ValueSet/eRS-Priority-1"/>
			</valueSetReference>
		</binding>
	</parameter>
	<parameter>
		<name value="specialty"/>
		<use value="in"/>
		<min value="1"/>
		<max value="1"/>
		<documentation value="The service location identifier."/>
		<type value="Identifier"/>
		<binding>
			<strength value="required"/>
			<valueSetReference>
				<reference value="https://fhir.nhs.uk/STU3/ValueSet/eRS-Specialty-1"/>
			</valueSetReference>
		</binding>
	</parameter>
	<parameter>
		<name value="clinicType"/>
		<use value="in"/>
		<min value="0"/>
		<max value="1"/>
		<documentation value="Clinic Type"/>
		<type value="CodeableConcept"/>
		<binding>
			<strength value="required"/>
			<valueSetReference>
				<reference value="https://fhir.nhs.uk/STU3/ValueSet/eRS-ClinicType-1"/>
			</valueSetReference>	
		</binding>
	</parameter>
	<parameter>
		<name value="patientPostcode"/>
		<use value="in"/>
		<min value="1"/>
		<max value="1"/>
		<documentation value="Postcode"/>
		<type value="string"/>
	</parameter>
	<parameter>
		<name value="commissioningType"/>
		<use value="in"/>
		<min value="1"/>
		<max value="1"/>
		<documentation value="The commissioning type of the service"/>
		<type value="CodeableConcept"/>
		<binding>
			<strength value="required"/>
			<valueSetReference>
				<reference value="https://fhir.nhs.uk/STU3/ValueSet/eRS-CommissioningType-1"/>
			</valueSetReference>	
		</binding>
	</parameter>
	<parameter>
		<name value="response"/>
		<use value="out"/>
		<min value="1"/>
		<max value="1"/>
		<documentation value="The List resource that has been returned in response to the given input parameters"/>
		<type value="HealthcareService"/>
		<profile>
			<reference value="https://fhir.nhs.uk/STU3/StructureDefinition/eRS-HealthcareService-1"/>
		</profile>
	</parameter>
</OperationDefinition>
