<OperationDefinition xmlns="http://hl7.org/fhir">
	<meta>
		<lastUpdated value="2016-09-22T00:00:00+01:00"/>
	</meta>
	<url value="https://fhir.nhs.uk/STU3/OperationDefinition/eRS-ClinicalReferralInformation-Operation-1"/>
	<version value="1.0"/>
	<name value="eRS-ClinicalReferralInformation-Operation-1"/>
	<status value="active"/>
	<publisher value="NHS Digital"/>
	<contact>
		<name value="Interoperability Team"/>
		<telecom>
			<system value="email"/>
			<value value="interoperabilityteam@nhs.net"/>
			<use value="work"/>
		</telecom>
	</contact>
	<date value="2018-03-05T00:00:00+01:00"/>
	<kind value="operation"/>
	<description value="Request to retrieve the PDF Clinical Information for a Referral Request"/>
	<code value="ers.generatecri"/>
	<system value="false"/>
	<instance value="false"/>
	<parameter>
		<name value="UBRN"/>
		<use value="in"/>
		<min value="1"/>
		<max value="1"/>
		<documentation value="The identifier for the Clinical Referral Information for a Referral Request"/>
		<type value="Identifier"/>
	</parameter>
	<parameter>
		<name value="response"/>
		<use value="out"/>
		<min value="1"/>
		<max value="1"/>
		<documentation value="The Binary resource that has been returned in response to the given input parameter"/>
		<type value="Binary"/>
	</parameter>
</OperationDefinition>
