<?xml version="1.0" encoding="UTF-8"?>
<OperationDefinition xmlns="http://hl7.org/fhir">
	<id value="GPConnect-CareRecord-Operation-1"/>
	<meta>
		<lastUpdated value="2018-01-25T00:00:00+01:00"/>
	</meta>
	<url value="https://fhir.nhs.uk/STU3/OperationDefinition/GPConnect-CareRecord-Operation-1"/>
	<version value="1.0.0"/>
	<name value="GPConnect-CareRecord-Operation"/>
	<status value="draft"/>
	<kind value="operation"/>
	<date value="2018-01-25"/>
	<publisher value="NHS Digital"/>
	<contact>
		<name value="Interoperability Team"/>
		<telecom>
			<system value="email"/>
			<value value="interoperabilityteam@nhs.net"/>
			<use value="work"/>
		</telecom>
	</contact>
	<description value="Request to retrieve the Patient's Care Record"/>
	<code value="gpc.getcarerecord"/>
	<resource value="Patient"/>
	<system value="false"/>
	<type value="true"/>
	<instance value="false"/>
	<parameter>
		<name value="patientNHSNumber"/>
		<use value="in"/>
		<min value="1"/>
		<max value="1"/>
		<documentation value="Patient that matches the NHS Number"/>
		<type value="Patient"/>
		<profile>
			<reference value="https://fhir.nhs.uk/STU3/StructureDefinition/CareConnect-GPC-Patient-1"/>
		</profile>
	</parameter>
	<parameter>
		<name value="recordSection"/>
		<use value="in"/>
		<min value="1"/>
		<max value="1"/>
		<documentation value="Section of the care record defined by the parameter"/>
		<type value="CodeableConcept"/>
		<binding>
			<strength value="required"/>
			<valueSetUri value="https://fhir.nhs.uk/STU3/ValueSet/GPConnect-RecordSection-1"/>
		</binding>
	</parameter>
	<parameter>
		<name value="timePeriod"/>
		<use value="in"/>
		<min value="0"/>
		<max value="1"/>
		<documentation value="View of the Patient's care record. This will be a view of a specified section of the care record."/>
		<type value="Period"/>
	</parameter>
	<parameter>
		<name value="response"/>
		<use value="out"/>
		<min value="1"/>
		<max value="1"/>
		<documentation value="The searchset bundle resource that has been returned in response to the given input parameters"/>
		<type value="Bundle"/>
		<profile>
			<reference value="https://fhir.nhs.uk/STU3/StructureDefinition/GPConnect-Searchset-Bundle-1"/>
		</profile>
	</parameter>
</OperationDefinition>
