<?xml version="1.0" encoding="UTF-8"?>
<ValueSet xmlns="http://hl7.org/fhir">
	<id value="EMS-PDS-DeathLocationType-1"/>
	<url value="https://fhir.nhs.uk/STU3/ValueSet/EMS-PDS-DeathLocationType-1"/>
	<version value="1.0.0"/>
	<name value="EMS PDS Death Location Type"/>
	<status value="draft"/>
	<date value="2017-12-04T00:00:00+00:00"/>
	<publisher value="NHS Digital"/>
	<contact>
		<name value="Interoperability Team"/>
		<telecom>
			<system value="email"/>
			<value value="interoperabilityteam@nhs.net"/>
			<use value="work"/>
		</telecom>
	</contact>
	<description value="A ValueSet to identify the type of location at which the person died."/>
	<copyright value="Copyright © 2017 NHS Digital"/>
	<compose>
		<include>
			<system value="https://fhir.nhs.uk/STU3/CodeSystem/EMS-PDS-DeathLocationType-1"/>
		</include>
	</compose>
</ValueSet>
