<?xml version="1.0" encoding="UTF-8"?>
<ValueSet xmlns="http://hl7.org/fhir">
	<id value="GPConnect-PractitionerRole-1"/>
	<url value="https://fhir.nhs.uk/STU3/ValueSet/GPConnect-PractitionerRole-1"/>
	<version value="1.1.0"/>
	<name value="GPConnect-PractitionerRole-1"/>
	<status value="active"/>
	<date value="2018-04-18T00:00:00+00:00"/>
	<publisher value="NHS Digital"/>
	<contact>
		<name value="Interoperability Team"/>
		<telecom>
			<system value="email"/>
			<value value="interoperabilityteam@nhs.net"/>
			<use value="work"/>
		</telecom>
	</contact>
	<description value="A ValueSet that contains a set of codes that identify the Practitioner of a scheduled Appointment."/>
	<copyright value="Copyright © 2018 NHS Digital"/>
	<compose>
		<include>
			<system value="https://fhir.nhs.uk/STU3/CodeSystem/GPConnect-PractitionerRole-1"/>
		</include>
	</compose>
</ValueSet>
