<?xml version="1.0" encoding="UTF-8"?>
<ValueSet xmlns="http://hl7.org/fhir">
	<url value="https://fhir.nhs.uk/STU3/ValueSet/ODSAPI-OrganizationRecordClass-1"/>
	<version value="1.0.0"/>
	<name value="ODS API Organization Record Class"/>
	<status value="active"/>
	<date value="2018-04-03"/>
	<publisher value="NHS Digital"/>
	<contact>
		<name value="Interoperability Team"/>
		<telecom>
			<value value="interoperabilityteam@nhs.net"/>
			<use value="work"/>
		</telecom>
	</contact>
	<description value="A ValueSet that identifies the record class of the organization."/>
	<copyright value="Copyright © 2018 Health and Social Care Information Centre. NHS Digital is the trading name of the Health and Social Care Information Centre."/>
	<compose>
		<include>
			<system value="https://fhir.nhs.uk/STU3/CodeSystem/ODSAPI-OrganizationRecordClass-1"/>
		</include>
	</compose>
</ValueSet>
