<?xml version="1.0" encoding="UTF-8"?>
<ValueSet xmlns="http://hl7.org/fhir">
	<id value="NHSDataDictionary-PersonStatedGender-1"/>
	<extension url="http://hl7.org/fhir/StructureDefinition/valueset-sourceReference">
		<valueUri value="http://www.datadictionary.nhs.uk/data_dictionary/attributes/p/person/person_stated_gender_code_de.asp?shownav=1"/>
	</extension>	
	<url value="https://fhir.nhs.uk/STU3/ValueSet/NHSDataDictionary-PersonStatedGender-1"/>
	<version value="1.0.0"/>
	<name value="NHS Data Model and Dictionary Person Stated Gender Code"/>
	<status value="active"/>
	<date value="2017-08-21T12:00:00+00:00"/>
	<publisher value="NHS Digital"/>
	<contact>
		<name value="Interoperability Team"/>
		<telecom>
			<system value="email"/>
			<value value="interoperabilityteam@nhs.net"/>
			<use value="work"/>
		</telecom>
	</contact>
	<description value="The gender of a Person. Person Stated Gender Code is self declared or inferred by observation for those unable to declare their Person Stated Gender."/>
	<copyright value="Copyright © NHS Digital"/>
	<compose>
		<include>
			<system value="https://fhir.nhs.uk/STU3/CodeSystem/NHSDataDictionary-PersonStatedGender-1"/>
		</include>
	</compose>
</ValueSet>
