<?xml version="1.0" encoding="UTF-8"?>
<ValueSet xmlns="http://hl7.org/fhir">
	<id value="CareConnect-PrescriptionType-1"/>
	<url value="https://fhir.nhs.uk/STU3/ValueSet/CareConnect-PrescriptionType-1"/>
	<version value="1.0.0"/>
	<name value="Care Connect Prescription Type"/>
	<status value="active"/>
	<date value="2018-03-06T00:00:00+00:00"/>
	<publisher value="HL7 UK"/>
	<description value="A ValueSet to identify the type of prescription."/>
	<copyright value="Copyright © 2016 HL7 UK"/>
	<compose>
		<include>
			<system value="https://fhir.nhs.uk/STU3/CodeSystem/CareConnect-PrescriptionType-1"/>
		</include>
	</compose>
</ValueSet>
