<?xml version="1.0" encoding="UTF-8"?>
<ValueSet xmlns="http://hl7.org/fhir">
	<id value="CareConnect-AllergyCertainty-1"/>
	<url value="https://fhir.nhs.uk/STU3/ValueSet/CareConnect-MedicationSupplyType-1"/>
	<version value="1.0.0"/>
	<name value="Care Connect Medication Supply Type"/>
	<status value="active"/>
	<date value="2018-03-01T00:00:00+00:00"/>
	<publisher value="HL7 UK"/>
	<description value="A code from the SNOMED Clinical Terminology UK coding system that identifies the legal/contractual nature of a prescription."/>
	<copyright value="This value set includes content from SNOMED CT, which is copyright © 2002+ International Health Terminology Standards Development Organisation (IHTSDO), and distributed by agreement between IHTSDO and HL7. Implementer use of SNOMED CT is not covered by this agreement."/>
	<compose>
		<include>
			<system value="http://snomed.info/sct"/>
			<concept>
				<code value="930811000000109"/>
				<display value="NHS prescription"/>
			</concept>
			<concept>
				<code value="394824001"/>
				<display value="Private prescription"/>
			</concept>
			<concept>
				<code value="394825000"/>
				<display value="ACBS prescription"/>
			</concept>
			<concept>
				<code value="394826004"/>
				<display value="OTC sale"/>
			</concept>
			<concept>
				<code value="394827008"/>
				<display value="Personal administration"/>
			</concept>
			<concept>
				<code value="394828003"/>
				<display value="Prescription by another organisation"/>
			</concept>
			<concept>
				<code value="394829006"/>
				<display value="Past medication"/>
			</concept>			
		</include>
	</compose>
</ValueSet>
