<?xml version="1.0" encoding="UTF-8"?>
<ValueSet xmlns="http://hl7.org/fhir">
	<id value="EMS-PDS-PatientCareProvisionType-1"/>
	<url value="https://fhir.nhs.uk/STU3/ValueSet/EMS-PDS-PatientCareProvisionType-1"/>
	<version value="1.0.0"/>
	<name value="EMS PDS Primary Care Provision Type"/>
	<status value="draft"/>
	<date value="2017-12-04T00:00:00+00:00"/>
	<publisher value="NHS Digital"/>
	<description value="A ValueSet to identify the patient care provision type."/>
	<copyright value="Copyright © 2017 NHS Digital"/>
	<compose>
		<include>
			<system value="https://fhir.nhs.uk/STU3/CodeSystem/EMS-PDS-PatientCareProvisionType-1"/>
		</include>
	</compose>
</ValueSet>
