<?xml version="1.0" encoding="UTF-8"?>
<ValueSet xmlns="http://hl7.org/fhir">
	<id value="eRS-Specialty-1"/>
	<url value="https://fhir.nhs.uk/STU3/ValueSet/eRS-Specialty-1"/>
	<version value="1.0.0"/>
	<name value="eRS Specialty"/>
	<status value="draft"/>
	<publisher value="NHS Digital"/>
	<contact>
		<name value="Interoperability Team"/>
		<telecom>
			<system value="email"/>
			<value value="interoperabilityteam@nhs.net"/>
			<use value="work"/>
		</telecom>
	</contact>
	<description value="A valueset to describe the specialty of request"/>
	<copyright value="Copyright © 2017 NHS Digital"/>
	<compose>
		<include>
			<system value="https://fhir.nhs.uk/STU3/CodeSystem/eRS-Specialty-1"/>
		</include>
	</compose>
</ValueSet>
