<?xml version="1.0" encoding="UTF-8"?>
<ValueSet xmlns="http://hl7.org/fhir" xmlns:xsi="http://www.w3.org/2001/XMLSchema-instance" xsi:schemaLocation="http://hl7.org/fhir file:///C:/GitHubRepo/ITK-FHIR-Outpatient-Letter/schemas/valueset.xsd">
<id value="ValueSet-ITK-Mobility-1"/>
	<meta>
		<lastUpdated value="2017-10-18T10:00:00+00:00"/>
	</meta>
	<url value="https://fhir.nhs.uk/STU3/ValueSet/ITK-Mobility-1"/>
	<version value="0.0.1"/>
	<name value="ITK Mobility"/>
	<status value="draft"/>
	<date value="2017-10-18T10:00:00+00:00"/>
	<publisher value="NHS Digital"/>
	<contact>
		<name value="Interoperability Team"/>
		<telecom>
			<system value="email"/>
			<value value="interoperabilityteam@nhs.net"/>
			<use value="work"/>
		</telecom>
	</contact>
<description value="This ValueSet combines two SNOMED CT UK Refsets to allow selection of a code from the SNOMED Clinical Terminology UK coding system. It includes a Refset that describes any assessment of mobility issues and impacts including mobility in and outside the home, falls and any impact on carers/dependents (recorded with their consent). This incorporates any code from the SNOMED CT UK 'Mobility Issues' subset with subset original id 6001000000138; the corresponding SNOMED CT UK Refset fully specified name is 'Mobility issues simple reference set (foundation metadata concept)' with Refset id 999001551000000100. It also includes a Refset that describes a list of descriptions explaining an individual’s personal physical movement, between two spaces, that achieves participation and a degree of independence. This incorporates any code from the SNOMED CT UK 'Mobility findings' subset with subset original id 69541000000135; the corresponding SNOMED CT UK Refset fully specified name is 'Mobility findings simple reference set (foundation metadata concept)' with Refset id 999002551000000108."/>
<copyright value="This value set includes content from SNOMED CT, which is copyright © 2002+ International Health Terminology Standards Development Organisation (IHTSDO), and distributed by agreement between IHTSDO and HL7. Implementer use of SNOMED CT is not covered by this agreement"/>
	<compose>
		<include>
			<system value="http://snomed.info/sct"/>
			<filter>
				<property value="concept"/>
				<op value="in"/>
				<value value="999001551000000100"/>
			</filter>
		</include>
		<include>
			<system value="http://snomed.info/sct"/>
			<filter>
				<property value="concept"/>
				<op value="in"/>
				<value value="999002551000000108"/>
			</filter>
		</include>
		</compose>
</ValueSet>
