<?xml version="1.0" encoding="UTF-8"?>
<ValueSet xmlns="http://hl7.org/fhir" xmlns:xsi="http://www.w3.org/2001/XMLSchema-instance" xsi:schemaLocation="http://hl7.org/fhir file:///C:/GitHubRepo/ITK-FHIR-Outpatient-Letter/schemas/valueset.xsd">
<id value="ValueSet-ITK-ADRT-1"/>
	<meta>
		<lastUpdated value="2017-10-18T10:00:00+00:00"/>
	</meta>
	<url value="https://fhir.nhs.uk/STU3/ValueSet/ITK-ADRT-1"/>
	<version value="0.0.1"/>
	<name value="ITK Advance Decision to Refuse Treatment"/>
	<status value="draft"/>
	<date value="2017-10-18T10:00:00+00:00"/>
	<publisher value="NHS Digital"/>
	<contact>
		<name value="Interoperability Team"/>
		<telecom>
			<system value="email"/>
			<value value="interoperabilityteam@nhs.net"/>
			<use value="work"/>
		</telecom>
	</contact>
<description value="A code from the SNOMED Clinical Terminology UK coding system that describes an advance decision to refuse treatment (ADRT)." />
<copyright value="This value set includes content from SNOMED CT, which is copyright © 2002+ International Health Terminology Standards Development Organisation (IHTSDO), and distributed by agreement between IHTSDO and HL7. Implementer use of SNOMED CT is not covered by this agreement"/>
	<compose>
		<include>
			<system value="http://snomed.info/sct"/>
			<concept>
			<code value="816301000000100"/>
			<display value="Has ADRT (advance decision to refuse treatment) (Mental Capacity Act 2005)"/>
		</concept>
					<concept>
			<code value="816321000000109"/>
			<display value="Has ADRT (advance decision to refuse treatment) for life sustaining treatment (Mental Capacity Act 2005)"/>
		</concept>
				<concept>
			<code value="820621000000107"/>
			<display value="Has involved healthcare professional in discussion about ADRT (advance decision to refuse treatment) (Mental Capacity Act 2005)"/>
		</concept>
		</include>
	</compose>
</ValueSet>
