<?xml version="1.0" encoding="UTF-8"?>
<ValueSet xmlns="http://hl7.org/fhir">
	<id value="CareConnect-MedicationDosageMethod-1"/>
	<url value="https://fhir.nhs.uk/STU3/ValueSet/CareConnect-MedicationDosageMethod-1"/>
	<version value="1.0.0"/>
	<name value="Care Connect Medication Dosage Method"/>
	<status value="draft"/>
	<date value="2017-08-01T00:00:00+00:00"/>
	<publisher value="HL7 UK"/>
	<description value="A code from the SNOMED Clinical Terminology UK coding system that describes the e-Prescribing method. Any code from the SNOMED CT UK 'NHS e-Prescribing method subset' with subset original id 30101000001130; the corresponding SNOMED CT UK Refset fully specified name is 'ePrescribing method simple reference set (foundation metadata concept)' with Refset Id 999000041000001103."/>
	<copyright value="This value set includes content from SNOMED CT, which is copyright © 2002+ International Health Terminology Standards Development Organisation (IHTSDO), and distributed by agreement between IHTSDO and HL7. Implementer use of SNOMED CT is not covered by this agreement."/>
	<compose>
		<include>
			<system value="http://snomed.info/sct"/>
			<filter>
				<property value="concept"/>
				<op value="in"/>
				<value value="999000041000001103"/>
			</filter>
		</include>
	</compose>
</ValueSet>
