<?xml version="1.0" encoding="UTF-8"?>
<ValueSet xmlns="http://hl7.org/fhir">
	<id value="CareConnect-ConditionEpisodicity-1"/>
	<url value="https://fhir.nhs.uk/STU3/ValueSet/CareConnect-ConditionEpisodicity-1"/>
	<version value="1.0.0"/>
	<name value="Care Connect Condition Episodicity"/>
	<status value="draft"/>
	<date value="2017-08-01T00:00:00+00:00"/>
	<publisher value="HL7 UK"/>
	<description value="A ValueSet to identify the episodicity of a condition."/>
	<copyright value="Copyright © 2016 HL7 UK"/>
	<compose>
		<include>
			<system value="https://fhir.nhs.uk/STU3/CodeSystem/CareConnect-ConditionEpisodicity-1"/>
		</include>
	</compose>
</ValueSet>
