<?xml version="1.0" encoding="UTF-8"?>
<ValueSet xmlns="http://hl7.org/fhir">
	<id value="ITK-RecipientType-1"/>
	<meta>
		<lastUpdated value="2017-12-08T16:26:00+00:00"/>
	</meta>
	<url value="https://fhir.nhs.uk/STU3/ValueSet/ITK-RecipientType-1"/>
	<version value="1.0.0"/>
	<name value="ITK Recipient Type"/>
	<status value="draft"/>
	<date value="2017-12-08T16:31:00+00:00"/>
	<publisher value="NHS Digital"/>
		<contact>
		<name value="Interoperability Team"/>
		<telecom>
			<system value="email"/>
			<value value="interoperabilityteam@nhs.net"/>
			<use value="work"/>
		</telecom>
	</contact>
	<description value="A valueset to describe if the recipient has been sent the payload for action or for information."/>
<copyright value="Copyright ©2017 NHS Digital"/>
	<compose>
		<include>
			<system value="https://fhir.nhs.uk/STU3/CodeSystem/ITK-RecipientType-1"/>
		</include>
	</compose>
</ValueSet>
