<?xml version="1.0" encoding="UTF-8"?>
<ValueSet xmlns="http://hl7.org/fhir" xmlns:xsi="http://www.w3.org/2001/XMLSchema-instance" xsi:schemaLocation="http://hl7.org/fhir file:///C:/GitHubRepo/ITK-FHIR-Outpatient-Letter/schemas/valueset.xsd">
<id value="ValueSet-ITK-OccupationalHistory-1"/>
	<meta>
		<lastUpdated value="2017-10-23T10:00:00+00:00"/>
	</meta>
	<url value="https://fhir.nhs.uk/STU3/ValueSet/ITK-OccupationalHistory-1"/>
	<version value="0.0.1"/>
	<name value="ITK Occupational History"/>
	<status value="draft"/>
	<date value="2017-10-23T10:00:00+00:00"/>
	<publisher value="NHS Digital"/>
	<contact>
		<name value="Interoperability Team"/>
		<telecom>
			<system value="email"/>
			<value value="interoperabilityteam@nhs.net"/>
			<use value="work"/>
		</telecom>
	</contact>
<description value="A code from the SNOMED Clinical Terminology UK coding system which is part of a subset of SNOMED-CT intended for use in the UK; a set of codes which represent Disciplines and Occupations. Any code from the SNOMED CT UK 'Occupation' subset with subset original id 6661000000133; the corresponding SNOMED CT UK Refset fully specified name is 'Occupation simple reference set (foundation metadata concept)' with Refset id 999001571000000109."/>
<copyright value="This value set includes content from SNOMED CT, which is copyright © 2002+ International Health Terminology Standards Development Organisation (IHTSDO), and distributed by agreement between IHTSDO and HL7. Implementer use of SNOMED CT is not covered by this agreement"/>
	<compose>
		<include>
			<system value="http://snomed.info/sct"/>
			<filter>
				<property value="concept"/>
				<op value="in"/>
				<value value="999001571000000109"/>
			</filter>
		</include>
		</compose>
</ValueSet>
