<?xml version="1.0" encoding="UTF-8"?>
<ValueSet xmlns="http://hl7.org/fhir">
	<id value="CareConnect-RegistrationStatus-1"/>
	<url value="https://fhir.nhs.uk/STU3/ValueSet/CareConnect-RegistrationStatus-1"/>
	<version value="1.0.0"/>
	<name value="Care Connect Registration Status"/>
	<status value="active"/>
	<date value="2017-11-22T00:00:00+00:00"/>
	<publisher value="HL7 UK"/>
	<description value="A ValueSet that identifies the status of registration for a patient at the healthcare organisation."/>
	<copyright value="Copyright © 2016 HL7 UK"/>
	<compose>
		<include>
			<system value="https://fhir.nhs.uk/STU3/CodeSystem/CareConnect-RegistrationStatus-1"/>
		</include>
	</compose>
</ValueSet>
