<?xml version="1.0" encoding="UTF-8"?>
<ValueSet xmlns="http://hl7.org/fhir" xmlns:xsi="http://www.w3.org/2001/XMLSchema-instance" xsi:schemaLocation="http://hl7.org/fhir file:///C:/GitHubRepo/ITK3-FHIR-eDischarge/schemas/valueset.xsd">
	<id value="ValueSet-PersonRelationshipType-1"/>
	<meta>
		<lastUpdated value="2017-10-10T00:00:00+00:00"/>
	</meta>
	<url value="https://fhir.nhs.uk/STU3/ValueSet/PersonRelationshipType-1"/>
	<version value="0.0.1"/>
	<name value="Person Relationship Type"/>
	<status value="draft"/>
	<date value="2017-10-10T00:00:00+00:00"/>
	<publisher value="NHS Digital"/>
	<contact>
		<name value="Interoperability Team"/>
		<telecom>
			<system value="email"/>
			<value value="interoperabilityteam@nhs.net"/>
			<use value="work"/>
		</telecom>
	</contact>
	<description value="A valueset that describes a relationship between one person and another. These relationships are not necessarily mutually exclusive, for example a wife may be her husband's next of kin."/>
	<copyright value="Copyright © 2017 Health and Social Care Information Centre. NHS Digital is the trading name of the Health and Social Care Information Centre."/>
	<compose>
		<include>
			<system value="https://fhir.nhs.uk/STU3/PersonRelationshipType-1"/>
		</include>
	</compose>
</ValueSet>