<ValueSet xmlns="http://hl7.org/fhir">
   <id value="NRLS-RecordRetrievalMode-1"/>
   <text>
      <status value="generated"/>
   </text>
   <url value="https://fhir.nhs.uk/STU3/ValueSet/NRLS-RecordRetrievalMode-1"/>
   <version value="1.0.0"/>
   <name value="Record Retrieval Mode"/>
   <status value="draft"/>
   <date value="2017-11-24T00:00:00+00:00"/>
   <publisher value="NHS Digital"/>
    <contact>
      <name value="Interoperability Team"/>
      <telecom>
         <system value="email"/>
         <value value="interoperabilityteam@nhs.net"/>
         <use value="work"/>
      </telecom>
   </contact>
   <description value="A ValueSet that identifies the national record locator pointer retrieval mode."/>
   <copyright value="Copyright &#169; 2017 NHS Digital"/>
   <compose>
      <include>
         <system value="https://fhir.nhs.uk/STU3/CodeSystem/NRLS-RecordRetrievalMode-1"/>
      </include>
   </compose>
</ValueSet>
