<?xml version="1.0" encoding="UTF-8"?>
<ValueSet xmlns="http://hl7.org/fhir">
	<id value="Spine-ErrorOrWarningCode-1"/>
	<url value="https://fhir.nhs.uk/STU3/ValueSet/Spine-ErrorOrWarningCode-1"/>
	<version value="1.0.0"/>
	<name value="Spine Error Or Warning Code"/>
	<status value="active"/>
	<date value="2017-10-16T00:00:00+00:00"/>
	<publisher value="NHS Digital"/>
	<contact>
		<name value="Interoperability Team"/>
		<telecom>
			<system value="email"/>
			<value value="interoperabilityteam@nhs.net"/>
			<use value="work"/>
		</telecom>
	</contact>
	<description value="A ValueSet that identifies the Spine error or warning code in response to a request."/>
	<copyright value="Copyright © 2017 NHS Digital"/>
	<compose>
		<include>
			<system value="https://fhir.nhs.uk/STU3/CodeSystem/Spine-ErrorOrWarningCode-1"/>
		</include>
	</compose>
</ValueSet>
