<?xml version="1.0" encoding="UTF-8"?>
<ValueSet xmlns="http://hl7.org/fhir">
  <id value="ValueSet-DeviceType-1"/>
  <meta>
    <lastUpdated value="2017-12-13T00:00:00+00:00"/>
  </meta>
  <url value="https://fhir.nhs.uk/STU3/ValueSet/DeviceType-1"/>
  <version value="1.0.0"/>
  <name value="Device Type"/>
  <status value="draft"/>
  <date value="2017-12-13T00:00:00+00:00"/>
  <publisher value="NHS Digital"/>
  <contact>
    <name value="Interoperability Team"/>
    <telecom>
      <system value="email"/>
      <value value="interoperabilityteam@nhs.net"/>
      <use value="work"/>
    </telecom>
  </contact>
	<description value="A code from the SNOMED Clinical Terminology UK coding system that describes a type of device. Any code from the SNOMED CT UK 'Device Type' subset with subset original id 1361000000131; the corresponding SNOMED CT UK Refset fully specified name is 'Device type simple reference set (foundation metadata concept)' with Refset Id 999000401000000107."/>
	<copyright value="This value set includes content from SNOMED CT, which is copyright © 2002+ International Health Terminology Standards Development Organisation (IHTSDO), and distributed by agreement between IHTSDO and HL7. Implementer use of SNOMED CT is not covered by this agreement"/>
  <compose>
    <include>
      <system value="http://snomed.info/sct"/>
      <filter>
        <property value="concept"/>
        <op value="in"/>
        <value value="999000401000000107"/>
      </filter>
    </include>
  </compose>
</ValueSet>