<?xml version="1.0" encoding="UTF-8"?>
<ValueSet xmlns="http://hl7.org/fhir">
	<id value="CareConnect-ManufacturedMaterialSnCT-1"/>
	<url value="https://fhir.nhs.uk/STU3/ValueSet/CareConnect-ManufacturedMaterialSnCT-1"/>
	<identifier>
		<system value="urn:ietf:rfc:3986"/>
		<value value="urn:oid:2.16.840.1.113883.2.1.3.2.4.15.11.36"/>
	</identifier>
	<version value="1.0.0"/>
	<name value="Care Connect Manufactured Material SnCT"/>
	<status value="draft"/>
	<date value="2017-08-01T00:00:00+00:00"/>
	<publisher value="HL7 UK"/>
	<description value="A code from the SNOMED Clinical Terminology UK coding system that describes a manufactured material (e.g. a pharmaceutical product or personal medical device). These will form part of the NHS dm+d. Any code from the SNOMED CT UK 'Manufactured Material' subset with subset original id 1391000000139; the corresponding SNOMED CT UK Refset fully specified name is 'Manufactured material simple reference set (foundation metadata concept)' with Refset Id 999000031000001105."/>
	<copyright value="This value set includes content from SNOMED CT, which is copyright © 2002+ International Health Terminology Standards Development Organisation (IHTSDO), and distributed by agreement between IHTSDO and HL7. Implementer use of SNOMED CT is not covered by this agreement."/>
	<compose>
		<include>
			<system value="http://snomed.info/sct"/>
			<filter>
				<property value="concept"/>
				<op value="in"/>
				<value value="999000031000001105"/>
			</filter>
		</include>
	</compose>
</ValueSet>
