<?xml version="1.0" encoding="UTF-8"?>
<ValueSet xmlns="http://hl7.org/fhir" xmlns:xsi="http://www.w3.org/2001/XMLSchema-instance" xsi:schemaLocation="http://hl7.org/fhir file:///C:/GitHubRepo/ITK-FHIR-Outpatient-Letter/schemas/valueset.xsd">
<id value="ValueSet-ITK-FamilyHistoryIllness-1"/>
	<meta>
		<lastUpdated value="2017-10-19T15:00:00+00:00"/>
	</meta>
	<url value="https://fhir.nhs.uk/STU3/ValueSet/ITK-FamilyHistoryIllness-1"/>
	<version value="0.0.1"/>
	<name value="ITK Family History Illness"/>
	<status value="draft"/>
	<date value="2017-10-18T15:00:00+00:00"/>
	<publisher value="NHS Digital"/>
	<contact>
		<name value="Interoperability Team"/>
		<telecom>
			<system value="email"/>
			<value value="interoperabilityteam@nhs.net"/>
			<use value="work"/>
		</telecom>
	</contact>
<description value="A code from the SNOMED Clinical Terminology UK coding system which contains concepts related to family history of the subject of the record.  These are mainly pre-coordinated concepts relating to the medical history of the close family, which may include partners where it may impact the subject's health. Any code from the SNOMED CT UK 'Family History' subset with subset original id 1331000000135; the corresponding SNOMED CT UK Refset fully specified name is 'Family history simple reference set (foundation metadata concept)' with Refset id 999000771000000106."/>
<copyright value="This value set includes content from SNOMED CT, which is copyright © 2002+ International Health Terminology Standards Development Organisation (IHTSDO), and distributed by agreement between IHTSDO and HL7. Implementer use of SNOMED CT is not covered by this agreement"/>
	<compose>
		<include>
			<system value="http://snomed.info/sct"/>
			<filter>
				<property value="concept"/>
				<op value="in"/>
				<value value="999000771000000106"/>
			</filter>
		</include>
		</compose>
</ValueSet>
