<?xml version="1.0" encoding="UTF-8"?>
<ValueSet xmlns="http://hl7.org/fhir">
	<id value="CareConnect-PDS-PersonNameType-1"/>
	<url value="https://fhir.nhs.uk/STU3/ValueSet/CareConnect-PDS-PersonNameType-1"/>
	<version value="1.0.0"/>
	<name value="PDS Person Name Type"/>
	<status value="active"/>
	<date value="2018-03-12T00:00:00+00:00"/>
	<publisher value="HL7 UK"/>
	<description value="A code to identify the type of a name of a Person."/>
	<copyright value="Copyright © 2016 HL7 UK"/>
	<compose>
		<include>
			<system value="https://fhir.nhs.uk/STU3/CodeSystem/CareConnect-PDS-PersonNameType-1"/>
		</include>
	</compose>
</ValueSet>
