<?xml version="1.0" encoding="UTF-8"?>
<ValueSet xmlns="http://hl7.org/fhir">
	<id value="ITK-Priority-1"/>
	<meta>
		<lastUpdated value="2018-03-16T14:00:00+00:00"/>
	</meta>
			<extension url="http://hl7.org/fhir/StructureDefinition/codesystem-sourceReference">
		<valueUri value="http://hl7.org/fhir/request-priority"/>
	</extension>
			<extension url="http://hl7.org/fhir/StructureDefinition/codesystem-sourceReference">
		<valueUri value="http://hl7.org/fhir/request-priority"/>
	</extension>
	<url value="https://fhir.nhs.uk/STU3/ValueSet/ITK-Priority-1"/>
	<version value="1.0.0"/>
	<name value="ITK Priority"/>
	<status value="draft"/>
	<date value="2018-03-16T14:00:00+00:00"/>
	<publisher value="NHS Digital"/>
		<contact>
		<name value="Interoperability Team"/>
		<telecom>
			<system value="email"/>
			<value value="interoperabilityteam@nhs.net"/>
			<use value="work"/>
		</telecom>
	</contact>
	<description value="A valueset to indicate the priority that processing of the payload should be given by the recipient."/>
<copyright value="Copyright ©2017 NHS Digital"/>
	<compose>
		<include>
			<system value="https://fhir.nhs.uk/STU3/CodeSystem/ITK-Priority-1"/>
		</include>
	</compose>
</ValueSet>
