<?xml version="1.0" encoding="UTF-8"?>
<ValueSet xmlns="http://hl7.org/fhir">
	<id value="ITK-ConditionFlag-1"/>
	<url value="https://fhir.nhs.uk/STU3/ValueSet/ITK-ConditionFlag-1"/>
	<version value="1.0.0"/>
	<name value="ITK Condition Flag"/>
	<status value="draft"/>
	<date value="2018-04-18T00:00:00+00:00"/>
	<publisher value="NHS Digital"/>
	<contact>
		<name value="Interoperability Team"/>
		<telecom>
			<system value="email"/>
			<value value="interoperabilityteam@nhs.net"/>
			<use value="work"/>
		</telecom>
	</contact>
	<description value="A valueset that describes the status of a patient's condition."/>
	<copyright value="Copyright ©2018 NHS Digital"/>
	<compose>
		<include>
			<system value="https://fhir.nhs.uk/STU3/CodeSystem/ITK-ConditionFlag-1"/>
		</include>
	</compose>
</ValueSet>
