<?xml version="1.0" encoding="UTF-8"?>
<ValueSet xmlns="http://hl7.org/fhir" xmlns:xsi="http://www.w3.org/2001/XMLSchema-instance" xsi:schemaLocation="http://hl7.org/fhir file:///C:/GitHubRepo/ITK-FHIR-Outpatient-Letter/schemas/valueset.xsd">
<id value="ValueSet-NHSDataDictionary-MainSpecialtyCode-1"/>
	<meta>
		<lastUpdated value="2017-10-20T16:00:00+00:00"/>
	</meta>
	<url value="https://fhir.nhs.uk/STU3/ValueSet/NHSDataDictionary-MainSpecialtyCode-1"/>
	<version value="0.0.1"/>
	<name value="NHS Data Dictionary Main Specialty Code 1"/>
	<status value="draft"/>
	<date value="2017-10-20T16:00:00+00:00"/>
	<publisher value="NHS Digital"/>
	<contact>
		<name value="Interoperability Team"/>
		<telecom>
			<system value="email"/>
			<value value="interoperabilityteam@nhs.net"/>
			<use value="work"/>
		</telecom>
	</contact>
	<description value="A ValueSet that identifying each main specialty designated by Royal Colleges. This is the same as the NHS OCCUPATION CODES describing specialties."/>
<copyright value="Copyright ©2017 NHS Digital"/>
	<compose>
		<include>
			<system value="https://fhir.nhs.uk/STU3/NHSDataDictionary-MainSpecialtyCode-1"/>
		</include>
		</compose>
</ValueSet>
