<ValueSet xmlns="http://hl7.org/fhir">
   <id value="CarePlanType-1"/>
   <meta>
      <lastUpdated value="2017-11-24T00:00:00+00:00"/>
   </meta>
   <text>
      <status value="generated"/>
   </text>
   <url value="https://fhir.nhs.uk/STU3/ValueSet/CarePlanType-1"/>
   <version value="0.0.1"/>
   <name value="Care Plan Type"/>
   <status value="draft"/>
   <date value="2017-11-24T00:00:00+00:00"/>
   <publisher value="NHS Digital"/>
    <description value="A code from the SNOMED Clinical Terminology UK coding system that describes a care plan type. Any code from the SNOMED CT UK 'Care Plan Type' subset with subset original id 6061000000139; the corresponding SNOMED CT UK Refset fully specified name is 'Care plan type simple reference set (foundation metadata concept)' with Refset Id 999001471000000108."/>
    <copyright value="This value set includes content from SNOMED CT, which is copyright &#169; 2002+ International Health Terminology Standards Development Organisation (IHTSDO), and distributed by agreement between IHTSDO and HL7. Implementer use of SNOMED CT is not covered by this agreement."/>
   <compose>
      <include>
         <system value="http://snomed.info/sct"/>
         <filter>
            <property value="concept"/>
            <op value="in"/>
            <value value="6061000000139"/>
         </filter>
      </include>
   </compose>
</ValueSet>

