<?xml version="1.0" encoding="UTF-8"?>
<ValueSet xmlns="http://hl7.org/fhir">
	<url value="https://fhir.nhs.uk/STU3/ValueSet/eRS-AssignedIndicator-1"/>
	<version value="1.0.0"/>
	<name value="eRS Assigned Indicator"/>
	<status value="draft"/>
	<date value="2018-03-05"/>
	<publisher value="NHS Digital"/>
	<contact>
		<name value="Interoperability Team"/>
		<telecom>
		<system value="email"/>
			<value value="interoperabilityteam@nhs.net"/>
			<use value="work"/>
		</telecom>
	</contact>
	<description value="A code to indicate if a specific or empty value is being searched for."/>
	<copyright value="© 2017 NHS Digital"/>
	<compose>
		<include>
			<system value="https://fhir.nhs.uk/STU3/CodeSystem/eRS-AssignedIndicator-1"/>
		</include>
	</compose>
</ValueSet>