<?xml version="1.0" encoding="UTF-8"?>
<ValueSet xmlns="http://hl7.org/fhir">
	<id value="CareConnect-ReactionEventSeverity-1"/>
	<extension url="http://hl7.org/fhir/StructureDefinition/valueset-map">
		<valueReference>
			<reference value="https://fhir.nhs.uk/STU3/ConceptMap/CareConnect-AllergySeverity-1"/>
		</valueReference>
	</extension>
	<extension url="http://hl7.org/fhir/StructureDefinition/valueset-sourceReference">
		<valueUri value="http://hl7.org/fhir/valueset-reaction-event-severity"/>
	</extension>
	<extension url="http://hl7.org/fhir/StructureDefinition/structuredefinition-wg">
		<valueCode value="pc"/>
	</extension>
	<extension url="http://hl7.org/fhir/StructureDefinition/structuredefinition-fmm">
		<valueInteger value="3"/>
	</extension>
	<extension url="http://hl7.org/fhir/StructureDefinition/structuredefinition-ballot-status">
		<valueString value="Informative"/>
	</extension>
	<url value="https://fhir.nhs.uk/STU3/ValueSet/CareConnect-ReactionEventSeverity-1"/>
	<identifier>
		<system value="urn:ietf:rfc:3986"/>
		<value value="urn:oid:2.16.840.1.113883.4.642.3.125"/>
	</identifier>
	<version value="3.0.1"/>
	<name value="AllergyIntoleranceSeverity"/>
	<status value="active"/>
	<date value="2017-04-19T07:44:47+10:00"/>
	<publisher value="HL7 (FHIR Project)"/>
	<contact>
		<telecom>
			<system value="url"/>
			<value value="http://hl7.org/fhir"/>
		</telecom>
	</contact>
	<description value="Clinical assessment of the severity of a reaction event as a whole, potentially considering multiple different manifestations."/>
	<copyright value="Copyright © HL7.org 2011+"/>
	<compose>
		<include>
			<system value="http://hl7.org/fhir/reaction-event-severity"/>
			<concept>
				<code value="mild"/>
				<display value="Mild"/>
			</concept>
			<concept>
				<code value="moderate"/>
				<display value="Moderate"/>
			</concept>
			<concept>
				<code value="severe"/>
				<display value="Severe"/>
			</concept>
		</include>
	</compose>
</ValueSet>
