<?xml version="1.0" encoding="UTF-8"?>
<ValueSet xmlns="http://hl7.org/fhir" xmlns:xsi="http://www.w3.org/2001/XMLSchema-instance" xsi:schemaLocation="http://hl7.org/fhir file:///C:/GitHubRepo/ITK3-FHIR-eDischarge/schemas/valueset.xsd">
	<id value="ValueSet-ITK-AllergyFlagCode-1"/>
	<meta>
		<lastUpdated value="2017-08-17T00:00:00+00:00"/>
	</meta>
	<url value="https://fhir.nhs.uk/STU3/ValueSet/ITK-AllergyFlagCode-1"/>
	<version value="0.0.1"/>
	<name value="Allergy Flag Code"/>
	<status value="draft"/>
	<date value="2017-08-17T00:00:00+00:00"/>
	<publisher value="NHS Digital"/>
	<contact>
		<name value="Interoperability Team"/>
		<telecom>
			<system value="email"/>
			<value value="interoperabilityteam@nhs.net"/>
			<use value="work"/>
		</telecom>
	</contact>
	<description value="This ValueSet combines two SNOMED CT UK Refsets to allow selection of a code from the SNOMED Clinical Terminology UK coding system that describes an Adverse Reaction Propensity or an Allergy Reaction. This incorporates any code from the SNOMED CT UK 'Adverse Reaction propensity' subset with subset original id 1011000000131; the corresponding SNOMED CT UK Refset fully specified name is 'Adverse reaction propensity simple reference set (foundation metadata concept)' with Refset Id 999000261000000107. This also incorporates any code from the SNOMED CT UK 'Allergy Propensity' subset with subset original id 1101000000130; the corresponding SNOMED CT UK Refset fully specified name is 'Allergy propensity simple reference set (foundation metadata concept)' with Refset Id 999000291000000101."/>
	<copyright value="This value set includes content from SNOMED CT, which is copyright © 2002+ International Health Terminology Standards Development Organisation (IHTSDO), and distributed by agreement between IHTSDO and HL7. Implementer use of SNOMED CT is not covered by this agreement"/>
	<compose>
		<include>
			<system value="http://snomed.info/sct"/>
			<filter>
				<property value="concept"/>
				<op value="in"/>
				<value value="999000261000000107"/>
			</filter>
		</include>
		<include>
			<system value="http://snomed.info/sct"/>
			<filter>
				<property value="concept"/>
				<op value="in"/>
				<value value="999000291000000101"/>
			</filter>
		</include>
	</compose>
</ValueSet>
