<?xml version="1.0" encoding="UTF-8"?>
<ValueSet xmlns="http://hl7.org/fhir">
	<id value="ITK-BusAcknowledgement-1"/>
	<meta>
		<lastUpdated value="2017-09-04T00:00:00+00:00"/>
	</meta>
	<url value="https://fhir.nhs.uk/STU3/ValueSet/ITK-BusAcknowledgement-1"/>
	<version value="1.0.0"/>
	<name value="ITK Business Acknowledgement"/>
	<status value="draft"/>
	<date value="2017-09-04T00:00:00+00:00"/>
	<publisher value="NHS Digital"/>
	<contact>
		<name value="Interoperability Team"/>
		<telecom>
			<system value="email"/>
			<value value="interoperabilityteam@nhs.net"/>
			<use value="work"/>
		</telecom>
	</contact>
	<description value="A valueset to describe the ITK business acknowledgements returned to the sender."/>
	<copyright value="Copyright ©2017 NHS Digital"/>
	<compose>
		<include>
		<system value="https://fhir.nhs.uk/STU3/CodeSystem/ITK-Acknowledgement-1"/>
		<concept>
			<code value="41001"/>
			<display value="Patient known here. (e.g. Patient is registered here)"/>
		</concept>
		<concept>
			<code value="41002"/>
			<display value="Patient not known here. (aka ‘patient record not present in system’)"/>
		</concept>
		<concept>
			<code value="41022"/>
			<display value="Patient no longer at this clinical setting"/>
		</concept>
		</include>
	</compose>
</ValueSet>

