<?xml version="1.0" encoding="UTF-8"?>
<ValueSet xmlns="http://hl7.org/fhir">
	<id value="NHSDataDictionary-PersonMaritalStatus-1"/>
	<extension url="http://hl7.org/fhir/StructureDefinition/valueset-sourceReference">
		<valueUri value="http://www.datadictionary.nhs.uk/data_dictionary/attributes/p/person/person_marital_status_code_de.asp?shownav=1"/>
	</extension>
	<url value="https://fhir.nhs.uk/STU3/ValueSet/NHSDataDictionary-PersonMaritalStatus-1"/>
	<version value="1.0.0"/>
	<name value="NHS Data Model and Dictionary Person Marital Status Code"/>
	<status value="active"/>
	<date value="2016-08-03T00:00:00+01:00"/>
	<publisher value="NHS Digital"/>
	<contact>
		<name value="Interoperability Team"/>
		<telecom>
			<system value="email"/>
			<value value="interoperabilityteam@nhs.net"/>
			<use value="work"/>
		</telecom>
	</contact>
	<description value="An indicator to identify the legal marital status of a Person."/>
	<copyright value="Copyright © NHS Digital"/>
	<compose>
		<include>
			<system value="https://fhir.nhs.uk/STU3/CodeSystem/NHSDataDictionary-PersonMaritalStatus-1"/>
		</include>
	</compose>
</ValueSet>
