<?xml version="1.0" encoding="UTF-8"?>
<ValueSet xmlns="http://hl7.org/fhir" xmlns:xsi="http://www.w3.org/2001/XMLSchema-instance" xsi:schemaLocation="http://hl7.org/fhir file:///C:/GitHubRepo/ITK-FHIR-Outpatient-Letter/schemas/valueset.xsd">
<id value="ValueSet-ITK-Cognition-1"/>
	<meta>
		<lastUpdated value="2017-10-19T10:00:00+00:00"/>
	</meta>
	<url value="https://fhir.nhs.uk/STU3/ValueSet/ITK-Cognition-1"/>
	<version value="0.0.1"/>
	<name value="ITK Cognition"/>
	<status value="draft"/>
	<date value="2017-10-18T10:00:00+00:00"/>
	<publisher value="NHS Digital"/>
	<contact>
		<name value="Interoperability Team"/>
		<telecom>
			<system value="email"/>
			<value value="interoperabilityteam@nhs.net"/>
			<use value="work"/>
		</telecom>
	</contact>
<description value="A code from the SNOMED Clinical Terminology UK coding system which is part of a subset of SNOMED-CT intended for use in the UK; a set of codes which represent different aspects of personal emotional wellbeing, including mood, behaviour and impaired cognitive functioning. Any code from the SNOMED CT UK 'Cognition' subset with subset original id 7761000000139; the corresponding SNOMED CT UK Refset fully specified name is 'Cognition finding simple reference set (foundation metadata concept)' with Refset id 999001481000000105."/>
<copyright value="This value set includes content from SNOMED CT, which is copyright © 2002+ International Health Terminology Standards Development Organisation (IHTSDO), and distributed by agreement between IHTSDO and HL7. Implementer use of SNOMED CT is not covered by this agreement"/>
	<compose>
		<include>
			<system value="http://snomed.info/sct"/>
			<filter>
				<property value="concept"/>
				<op value="in"/>
				<value value="999001481000000105"/>
			</filter>
		</include>
		</compose>
</ValueSet>
