<?xml version="1.0" encoding="UTF-8"?>
<ValueSet xmlns="http://hl7.org/fhir">
	<id value="ITK-MessageEvent-2"/>
	<meta>
		<lastUpdated value="2017-11-29T00:00:00+00:00"/>
	</meta>
	<url value="https://fhir.nhs.uk/STU3/ValueSet/ITK-MessageEvent-2"/>
	<version value="2.3.0"/>
	<name value="ITK Message Event"/>
	<status value="draft"/>
	<date value="2017-11-29T00:00:00+00:00"/>
	<publisher value="NHS Digital"/>
	<contact>
		<name value="Interoperability Team"/>
		<telecom>
			<system value="email"/>
			<value value="interoperabilityteam@nhs.net"/>
			<use value="work"/>
		</telecom>
	</contact>
	<description value="A valueset to describe the event that triggered the message."/>
	<copyright value="Copyright ©2017 NHS Digital"/>
		<compose>
		<include>
			<system value="https://fhir.nhs.uk/STU3/CodeSystem/ITK-MessageEvent-2"/>
		</include>
	</compose>
</ValueSet>
