<?xml version="1.0" encoding="UTF-8"?>
<ValueSet xmlns="http://hl7.org/fhir">
	<id value="CareConnect-MedicationChangeStatus-1"/>
	<url value="https://fhir.nhs.uk/STU3/ValueSet/CareConnect-MedicationChangeStatus-1"/>
	<version value="1.0.0"/>
	<name value="Care Connect Medication Change Status"/>
	<status value="active"/>
	<date value="2018-03-01T00:00:00+00:00"/>
	<publisher value="HL7 UK"/>
	<description value="A ValueSet to identify the change status of a medication."/>
	<copyright value="Copyright © 2016 HL7 UK"/>
	<compose>
		<include>
			<system value="https://fhir.nhs.uk/STU3/CodeSystem/CareConnect-MedicationChangeStatus-1"/>
		</include>
	</compose>
</ValueSet>
