<?xml version="1.0" encoding="UTF-8"?>
<ValueSet xmlns="http://hl7.org/fhir" xmlns:xsi="http://www.w3.org/2001/XMLSchema-instance" xsi:schemaLocation="http://hl7.org/fhir file:///C:/GitHubRepo/ITK-FHIR-Outpatient-Letter/schemas/valueset.xsd">
<id value="ValueSet-ITK-LPoA-1"/>
	<meta>
		<lastUpdated value="2017-10-18T10:00:00+00:00"/>
	</meta>
	<url value="https://fhir.nhs.uk/STU3/ValueSet/ITK-LPoA-1"/>
	<version value="0.0.1"/>
	<name value="ITK Lasting Power of Attorney"/>
	<status value="draft"/>
	<date value="2017-10-18T10:00:00+00:00"/>
	<publisher value="NHS Digital"/>
	<contact>
		<name value="Interoperability Team"/>
		<telecom>
			<system value="email"/>
			<value value="interoperabilityteam@nhs.net"/>
			<use value="work"/>
		</telecom>
	</contact>
<description value="A code from the SNOMED Clinical Terminology UK coding system that describes the lasting power of attorney." />
<copyright value="This value set includes content from SNOMED CT, which is copyright © 2002+ International Health Terminology Standards Development Organisation (IHTSDO), and distributed by agreement between IHTSDO and HL7. Implementer use of SNOMED CT is not covered by this agreement"/>
	<compose>
		<include>
			<system value="http://snomed.info/sct"/>
			<concept>
			<code value="883001000000106"/>
			<display value="Consent given by appointed person with lasting power of attorney for personal welfare for sharing end of life care coordination record"/>
		</concept>
					<concept>
			<code value="816361000000101"/>
			<display value="Has appointed person with personal welfare lasting power of attorney (Mental Capacity Act 2005)"/>
		</concept>
				<concept>
			<code value="816381000000105"/>
			<display value="Has appointed person with personal welfare lasting power of attorney with authority for life sustaining decisions (Mental Capacity Act 2005)"/>
		</concept>
		</include>
	</compose>
</ValueSet>
