<?xml version="1.0" encoding="UTF-8"?>
<ValueSet xmlns="http://hl7.org/fhir">
	<meta>
		<lastUpdated value="2017-10-05T00:00:00+01:00"/>
	</meta>
	<url value="https://fhir.nhs.uk/STU3/ValueSet/eRS-AdditionalRequirementType-1"/>
	<version value="1.0.0"/>
	<name value="eRS-AdditionalRequirementType-1"/>
	<status value="draft"/>
	<publisher value="NHS Digital"/>
	<contact>
		<name value="Interoperability Team"/>
		<telecom>
			<system value="email"/>
			<value value="interoperabilityteam@nhs.net"/>
			<use value="work"/>
		</telecom>
	</contact>
	<description value="A valueset to describe any extra details on the healthcare service."/>
	<copyright value="Copyright © 2017 NHS Digital"/>
	<compose>
		<include>
			<system value="https://fhir.nhs.uk/STU3/CodeSystem/eRS-AdditionalRequirementType-1"/>
		</include>
	</compose>
</ValueSet>
