<OperationOutcome xmlns="http://hl7.org/fhir">
    <meta>
        <profile value="https://fhir.nhs.uk/StructureDefinition/gpconnect-operationoutcome-1" />
    </meta>
    <issue>
        <severity value="error" />
        <code value="invalid" />
        <details>
            <coding>
                <system value="https://fhir.nhs.uk/ValueSet/gpconnect-error-or-warning-code-1" />
                <code value="PATIENT_NOT_FOUND" />
                <display value="Patient Not Found" />
            </coding>
        </details>
		<diagnostics value="No patient details found for patient ID: __PATIENT_LOGICAL_ID__" />
    </issue>
</OperationOutcome>
