<OperationOutcome xmlns="http://hl7.org/fhir">
    <meta>
        <profile value="https://fhir.nhs.uk/StructureDefinition/gpconnect-operationoutcome-1" />
    </meta>
    <issue>
        <severity value="error" />
        <code value="invalid" />
        <details>
            <coding>
                <system value="https://fhir.nhs.uk/ValueSet/gpconnect-error-or-warning-code-1" />
                <code value="BAD_REQUEST" />
                <display value="Bad Request" />
            </coding>
        </details>
		<diagnostics value="JWT Payload exp expiry time earlier than creation time" />
    </issue>
</OperationOutcome>
